method,held_out,perturbation,pds,sq_error,sq_effect,pearson
NoChange,k562,ARPC2,0.5,41.9331,41.9331,
NoChange,k562,ATP6V0B,0.5,77.7742,77.7742,
NoChange,k562,ATP6V0C,0.5,265.815,265.815,
NoChange,k562,C1QBP,0.5,65.8032,65.8032,
NoChange,k562,CHMP3,0.5,596.14,596.14,
NoChange,k562,COX6C,0.5,78.1244,78.1244,
NoChange,k562,DHX36,0.5,80.7304,80.7304,
NoChange,k562,DNAJA3,0.5,160.965,160.965,
NoChange,k562,DNMT1,0.5,72.0397,72.0397,
NoChange,k562,DPH2,0.5,72.7965,72.7965,
NoChange,k562,EIF3H,0.5,81.0409,81.0409,
NoChange,k562,EIF4B,0.5,217.013,217.013,
NoChange,k562,EWSR1,0.5,172.971,172.971,
NoChange,k562,FDPS,0.5,891.625,891.625,
NoChange,k562,HDAC3,0.5,157.876,157.876,
NoChange,k562,HIRA,0.5,30.2579,30.2579,
NoChange,k562,HMGCR,0.5,55.2878,55.2878,
NoChange,k562,HTATSF1,0.5,86.3997,86.3997,
NoChange,k562,JAZF1,0.5,56.6642,56.6642,
NoChange,k562,KIF20A,0.5,168.874,168.874,
NoChange,k562,LRPPRC,0.5,174.404,174.404,
NoChange,k562,MAT2A,0.5,289.314,289.314,
NoChange,k562,MAU2,0.5,162.728,162.728,
NoChange,k562,MAX,0.5,286.59,286.59,
NoChange,k562,MBTPS1,0.5,131.217,131.217,
NoChange,k562,MED1,0.5,313.924,313.924,
NoChange,k562,MED12,0.5,478.785,478.785,
NoChange,k562,METTL14,0.5,114.437,114.437,
NoChange,k562,METTL17,0.5,78.5157,78.5157,
NoChange,k562,METTL3,0.5,103.224,103.224,
NoChange,k562,NDUFB4,0.5,64.7884,64.7884,
NoChange,k562,NDUFB6,0.5,47.7985,47.7985,
NoChange,k562,NISCH,0.5,57.2512,57.2512,
NoChange,k562,OXA1L,0.5,106.854,106.854,
NoChange,k562,PPP2R3C,0.5,156.09,156.09,
NoChange,k562,RNF20,0.5,245.025,245.025,
NoChange,k562,RRM1,0.5,236.36,236.36,
NoChange,k562,SDC1,0.5,69.1307,69.1307,
NoChange,k562,SEC62,0.5,1471.1,1471.1,
NoChange,k562,SLC25A3,0.5,72.041,72.041,
NoChange,k562,SMAGP,0.5,72.9988,72.9988,
NoChange,k562,SMARCB1,0.5,56.3657,56.3657,
NoChange,k562,SMARCE1,0.5,327.003,327.003,
NoChange,k562,SSBP1,0.5,155.763,155.763,
NoChange,k562,STRAP,0.5,111.933,111.933,
NoChange,k562,SUPT4H1,0.5,186.917,186.917,
NoChange,k562,SUPV3L1,0.5,168.64,168.64,
NoChange,k562,TFAM,0.5,127.311,127.311,
NoChange,k562,TMSB10,0.5,47.7026,47.7026,
NoChange,k562,UQCRB,0.5,102.066,102.066,
NoChange,k562,UQCRQ,0.5,65.7941,65.7941,
NoChange,k562,USF2,0.5,46.8083,46.8083,
NoChange,k562,WAC,0.5,65.7435,65.7435,
MeanResponse,k562,ARPC2,0.461538,55.9427,41.9331,0.0782191
MeanResponse,k562,ATP6V0B,0.826923,82.9994,77.7742,0.181063
MeanResponse,k562,ATP6V0C,0.769231,260.521,265.815,0.173282
MeanResponse,k562,C1QBP,0.865385,68.6272,65.8032,0.213556
MeanResponse,k562,CHMP3,1,525.164,596.14,0.431324
MeanResponse,k562,COX6C,0.538462,89.3631,78.1244,0.0727421
MeanResponse,k562,DHX36,0.923077,77.6743,80.7304,0.272926
MeanResponse,k562,DNAJA3,0.673077,165.136,160.965,0.161862
MeanResponse,k562,DNMT1,0,95.9368,72.0397,-0.0953524
MeanResponse,k562,DPH2,0.0769231,94.0101,72.7965,-0.0470401
MeanResponse,k562,EIF3H,0.903846,81.2721,81.0409,0.227355
MeanResponse,k562,EIF4B,0.480769,225.623,217.013,0.0574347
MeanResponse,k562,EWSR1,0.211538,189.036,172.971,0.0036762
MeanResponse,k562,FDPS,0.326923,897.953,891.625,0.0353055
MeanResponse,k562,HDAC3,0.346154,170.623,157.876,0.034639
MeanResponse,k562,HIRA,0.403846,45.1552,30.2579,0.0570201
MeanResponse,k562,HMGCR,0.5,67.6988,55.2878,0.0796767
MeanResponse,k562,HTATSF1,0.173077,103.619,86.3997,0.00647662
MeanResponse,k562,JAZF1,0.653846,67.4189,56.6642,0.108934
MeanResponse,k562,KIF20A,0.788462,168.203,168.874,0.161179
MeanResponse,k562,LRPPRC,0.0576923,199.981,174.404,-0.0164961
MeanResponse,k562,MAT2A,0.711538,286.061,289.314,0.146191
MeanResponse,k562,MAU2,0.307692,175.839,162.728,0.0493385
MeanResponse,k562,MAX,0.884615,272.973,286.59,0.225525
MeanResponse,k562,MBTPS1,0.269231,146.236,131.217,0.0231957
MeanResponse,k562,MED1,0.942308,282.406,313.924,0.348665
MeanResponse,k562,MED12,0.980769,430.543,478.785,0.381233
MeanResponse,k562,METTL14,0.692308,119.885,114.437,0.140964
MeanResponse,k562,METTL17,0.365385,92.6888,78.5157,0.0525822
MeanResponse,k562,METTL3,0.442308,115.315,103.224,0.0734425
MeanResponse,k562,NDUFB4,0.557692,76.4692,64.7884,0.0831309
MeanResponse,k562,NDUFB6,0.615385,59.6923,47.7985,0.0904244
MeanResponse,k562,NISCH,0.25,73.7727,57.2512,0.0239667
MeanResponse,k562,OXA1L,0.807692,109.913,106.854,0.18989
MeanResponse,k562,PPP2R3C,0.153846,173.824,156.09,-0.00168812
MeanResponse,k562,RNF20,0.961538,217.887,245.025,0.335155
MeanResponse,k562,RRM1,0.846154,227.91,236.36,0.215507
MeanResponse,k562,SDC1,0.75,75.8469,69.1307,0.146791
MeanResponse,k562,SEC62,0.596154,1456.76,1471.1,0.0860972
MeanResponse,k562,SLC25A3,0.230769,88.4443,72.041,0.0123957
MeanResponse,k562,SMAGP,0.115385,91.4318,72.9988,-0.0127317
MeanResponse,k562,SMARCB1,0.192308,73.6054,56.3657,-0.00149775
MeanResponse,k562,SMARCE1,0.0961538,350.979,327.003,-0.0517944
MeanResponse,k562,SSBP1,0.0384615,181.233,155.763,-0.0249802
MeanResponse,k562,STRAP,0.519231,121.939,111.933,0.0942349
MeanResponse,k562,SUPT4H1,0.423077,197.17,186.917,0.0567407
MeanResponse,k562,SUPV3L1,0.134615,187.024,168.64,0.0141455
MeanResponse,k562,TFAM,0.0192308,152.863,127.311,-0.0498113
MeanResponse,k562,TMSB10,0.576923,59.9971,47.7026,0.0982848
MeanResponse,k562,UQCRB,0.730769,107.159,102.066,0.133525
MeanResponse,k562,UQCRQ,0.634615,76.2635,65.7941,0.0920551
MeanResponse,k562,USF2,0.288462,62.6315,46.8083,0.0275207
MeanResponse,k562,WAC,0.384615,79.7647,65.7435,0.039392
SameGene,k562,ARPC2,0.461538,72.4305,41.9331,0.0485557
SameGene,k562,ATP6V0B,0.923077,150.201,77.7742,0.239987
SameGene,k562,ATP6V0C,0.923077,324.648,265.815,0.21209
SameGene,k562,C1QBP,0.923077,269.348,65.8032,0.203797
SameGene,k562,CHMP3,1,737.902,596.14,0.267301
SameGene,k562,COX6C,0.75,130.161,78.1244,0.0541015
SameGene,k562,DHX36,1,143.871,80.7304,0.387696
SameGene,k562,DNAJA3,0.961538,167.654,160.965,0.271377
SameGene,k562,DNMT1,0.326923,197.033,72.0397,0.0181381
SameGene,k562,DPH2,1,144.738,72.7965,0.21477
SameGene,k562,EIF3H,1,195.4,81.0409,0.288837
SameGene,k562,EIF4B,0.980769,223.613,217.013,0.100819
SameGene,k562,EWSR1,0.865385,209.151,172.971,0.0618241
SameGene,k562,FDPS,0.846154,928.994,891.625,0.0574866
SameGene,k562,HDAC3,0.980769,209.512,157.876,0.147961
SameGene,k562,HIRA,0.692308,60.8655,30.2579,0.0801464
SameGene,k562,HMGCR,0.923077,357.889,55.2878,0.115289
SameGene,k562,HTATSF1,0.923077,172.45,86.3997,0.0606519
SameGene,k562,JAZF1,1,74.4502,56.6642,0.216422
SameGene,k562,KIF20A,1,423.772,168.874,0.189326
SameGene,k562,LRPPRC,1,210.786,174.404,0.28827
SameGene,k562,MAT2A,1,303.072,289.314,0.19334
SameGene,k562,MAU2,0.673077,367.864,162.728,0.0929653
SameGene,k562,MAX,0.961538,278.684,286.59,0.355623
SameGene,k562,MBTPS1,0.980769,151.643,131.217,0.104866
SameGene,k562,MED1,1,396.149,313.924,0.307485
SameGene,k562,MED12,1,480.623,478.785,0.36782
SameGene,k562,METTL14,0.980769,167.684,114.437,0.356555
SameGene,k562,METTL17,0.865385,132.207,78.5157,0.0528041
SameGene,k562,METTL3,1,122.715,103.224,0.43034
SameGene,k562,NDUFB4,0.846154,118.548,64.7884,0.105345
SameGene,k562,NDUFB6,0.730769,128.828,47.7985,0.0567462
SameGene,k562,NISCH,0.173077,85.8067,57.2512,-0.00833346
SameGene,k562,OXA1L,1,229.462,106.854,0.197494
SameGene,k562,PPP2R3C,0.538462,204.886,156.09,0.0156576
SameGene,k562,RNF20,1,242.858,245.025,0.411704
SameGene,k562,RRM1,0.903846,717.39,236.36,0.14427
SameGene,k562,SDC1,0.961538,142.849,69.1307,0.227273
SameGene,k562,SEC62,0.692308,1567.56,1471.1,0.039848
SameGene,k562,SLC25A3,0.346154,155.109,72.041,0.000999487
SameGene,k562,SMAGP,0.961538,103.787,72.9988,0.0248398
SameGene,k562,SMARCB1,0.75,93.8217,56.3657,0.041072
SameGene,k562,SMARCE1,0.365385,529.921,327.003,0.0159246
SameGene,k562,SSBP1,1,229.555,155.763,0.171357
SameGene,k562,STRAP,1,172.406,111.933,0.239302
SameGene,k562,SUPT4H1,0.961538,455.412,186.917,0.112084
SameGene,k562,SUPV3L1,0.942308,208.31,168.64,0.159844
SameGene,k562,TFAM,0.961538,112.302,127.311,0.282236
SameGene,k562,TMSB10,0.923077,134.425,47.7026,0.167861
SameGene,k562,UQCRB,0.884615,166.777,102.066,0.0980008
SameGene,k562,UQCRQ,0.826923,157.374,65.7941,0.101438
SameGene,k562,USF2,0.75,98.5041,46.8083,0.0663198
SameGene,k562,WAC,0.961538,123.973,65.7435,0.1443
ContextMean*,k562,ARPC2,0.576923,42.8759,41.9331,0.221344
ContextMean*,k562,ATP6V0B,0.846154,65.0613,77.7742,0.408586
ContextMean*,k562,ATP6V0C,0.903846,224.091,265.815,0.502415
ContextMean*,k562,C1QBP,0.769231,58.6107,65.8032,0.33513
ContextMean*,k562,CHMP3,0.961538,524.531,596.14,0.529112
ContextMean*,k562,COX6C,0.442308,78.509,78.1244,0.171967
ContextMean*,k562,DHX36,0.807692,68.8976,80.7304,0.384242
ContextMean*,k562,DNAJA3,0.826923,138.953,160.965,0.408872
ContextMean*,k562,DNMT1,0,83.9979,72.0397,-0.0377491
ContextMean*,k562,DPH2,0.25,77.6944,72.7965,0.0941185
ContextMean*,k562,EIF3H,0.346154,82.435,81.0409,0.150643
ContextMean*,k562,EIF4B,0.326923,215.641,217.013,0.121855
ContextMean*,k562,EWSR1,0.0576923,178.896,172.971,0.0481893
ContextMean*,k562,FDPS,0.730769,849.839,891.625,0.274642
ContextMean*,k562,HDAC3,0.365385,155.46,157.876,0.156045
ContextMean*,k562,HIRA,0.153846,37.2848,30.2579,0.0844088
ContextMean*,k562,HMGCR,0.519231,55.5543,55.2878,0.206517
ContextMean*,k562,HTATSF1,0.0384615,93.5965,86.3997,0.0471343
ContextMean*,k562,JAZF1,0.538462,56.5308,56.6642,0.212396
ContextMean*,k562,KIF20A,0.788462,151.233,168.874,0.336682
ContextMean*,k562,LRPPRC,0.615385,164.427,174.404,0.260031
ContextMean*,k562,MAT2A,0.461538,279.255,289.314,0.18637
ContextMean*,k562,MAU2,0.596154,153.556,162.728,0.237986
ContextMean*,k562,MAX,0.923077,241.899,286.59,0.511588
ContextMean*,k562,MBTPS1,0.0961538,136.43,131.217,0.0654737
ContextMean*,k562,MED1,0.980769,253.343,313.924,0.634043
ContextMean*,k562,MED12,1,397.09,478.785,0.668864
ContextMean*,k562,METTL14,0.480769,111.76,114.437,0.187351
ContextMean*,k562,METTL17,0.5,77.8358,78.5157,0.190498
ContextMean*,k562,METTL3,0.115385,108.825,103.224,0.0684198
ContextMean*,k562,NDUFB4,0.634615,62.4297,64.7884,0.242505
ContextMean*,k562,NDUFB6,0.423077,50.2952,47.7985,0.17113
ContextMean*,k562,NISCH,0.403846,59.5195,57.2512,0.161344
ContextMean*,k562,OXA1L,0.884615,85.5841,106.854,0.482759
ContextMean*,k562,PPP2R3C,0.0769231,160.957,156.09,0.0645241
ContextMean*,k562,RNF20,0.865385,212.655,245.025,0.428686
ContextMean*,k562,RRM1,0.942308,195.681,236.36,0.523512
ContextMean*,k562,SDC1,0.692308,65.6966,69.1307,0.255697
ContextMean*,k562,SEC62,0.711538,1416.77,1471.1,0.266013
ContextMean*,k562,SLC25A3,0.173077,77.4429,72.041,0.0849021
ContextMean*,k562,SMAGP,0.134615,78.835,72.9988,0.0763858
ContextMean*,k562,SMARCB1,0.192308,62.2883,56.3657,0.0849911
ContextMean*,k562,SMARCE1,0.0192308,331.671,327.003,0.0459628
ContextMean*,k562,SSBP1,0.557692,148.975,155.763,0.22805
ContextMean*,k562,STRAP,0.211538,116.101,111.933,0.0871671
ContextMean*,k562,SUPT4H1,0.307692,187.109,186.917,0.112962
ContextMean*,k562,SUPV3L1,0.673077,157.768,168.64,0.257195
ContextMean*,k562,TFAM,0.230769,130.674,127.311,0.0968496
ContextMean*,k562,TMSB10,0.384615,50.7707,47.7026,0.158336
ContextMean*,k562,UQCRB,0.75,94.4004,102.066,0.27763
ContextMean*,k562,UQCRQ,0.653846,63.3197,65.7941,0.243717
ContextMean*,k562,USF2,0.288462,52.4917,46.8083,0.0989084
ContextMean*,k562,WAC,0.269231,70.8497,65.7435,0.0946952
NoChange,rpe1,ARPC2,0.5,131.548,131.548,
NoChange,rpe1,ATP6V0B,0.5,187.315,187.315,
NoChange,rpe1,ATP6V0C,0.5,126.086,126.086,
NoChange,rpe1,C1QBP,0.5,799.431,799.431,
NoChange,rpe1,CHMP3,0.5,652.745,652.745,
NoChange,rpe1,COX6C,0.5,78.1599,78.1599,
NoChange,rpe1,DHX36,0.5,417.568,417.568,
NoChange,rpe1,DNAJA3,0.5,90.4119,90.4119,
NoChange,rpe1,DNMT1,0.5,303.536,303.536,
NoChange,rpe1,DPH2,0.5,377.452,377.452,
NoChange,rpe1,EIF3H,0.5,669.134,669.134,
NoChange,rpe1,EIF4B,0.5,58.321,58.321,
NoChange,rpe1,EWSR1,0.5,109.436,109.436,
NoChange,rpe1,FDPS,0.5,164.364,164.364,
NoChange,rpe1,HDAC3,0.5,329.104,329.104,
NoChange,rpe1,HIRA,0.5,122.917,122.917,
NoChange,rpe1,HMGCR,0.5,250.491,250.491,
NoChange,rpe1,HTATSF1,0.5,258.845,258.845,
NoChange,rpe1,JAZF1,0.5,134.023,134.023,
NoChange,rpe1,KIF20A,0.5,1442.14,1442.14,
NoChange,rpe1,LRPPRC,0.5,198.275,198.275,
NoChange,rpe1,MAT2A,0.5,93.4572,93.4572,
NoChange,rpe1,MAU2,0.5,936.415,936.415,
NoChange,rpe1,MAX,0.5,218.91,218.91,
NoChange,rpe1,MBTPS1,0.5,56.9912,56.9912,
NoChange,rpe1,MED1,0.5,326.103,326.103,
NoChange,rpe1,MED12,0.5,537.132,537.132,
NoChange,rpe1,METTL14,0.5,231.701,231.701,
NoChange,rpe1,METTL17,0.5,95.52,95.52,
NoChange,rpe1,METTL3,0.5,273.607,273.607,
NoChange,rpe1,NDUFB4,0.5,57.8556,57.8556,
NoChange,rpe1,NDUFB6,0.5,110.31,110.31,
NoChange,rpe1,NISCH,0.5,55.8525,55.8525,
NoChange,rpe1,OXA1L,0.5,243.49,243.49,
NoChange,rpe1,PPP2R3C,0.5,111.421,111.421,
NoChange,rpe1,RNF20,0.5,328.125,328.125,
NoChange,rpe1,RRM1,0.5,372.065,372.065,
NoChange,rpe1,SDC1,0.5,290.671,290.671,
NoChange,rpe1,SEC62,0.5,773.097,773.097,
NoChange,rpe1,SLC25A3,0.5,242.221,242.221,
NoChange,rpe1,SMAGP,0.5,69.8796,69.8796,
NoChange,rpe1,SMARCB1,0.5,150.89,150.89,
NoChange,rpe1,SMARCE1,0.5,398.389,398.389,
NoChange,rpe1,SSBP1,0.5,194.847,194.847,
NoChange,rpe1,STRAP,0.5,383.203,383.203,
NoChange,rpe1,SUPT4H1,0.5,910.036,910.036,
NoChange,rpe1,SUPV3L1,0.5,119.931,119.931,
NoChange,rpe1,TFAM,0.5,24.2574,24.2574,
NoChange,rpe1,TMSB10,0.5,327,327,
NoChange,rpe1,UQCRB,0.5,105.199,105.199,
NoChange,rpe1,UQCRQ,0.5,221.277,221.277,
NoChange,rpe1,USF2,0.5,178.1,178.1,
NoChange,rpe1,WAC,0.5,214.516,214.516,
MeanResponse,rpe1,ARPC2,0.942308,113.991,131.548,0.376636
MeanResponse,rpe1,ATP6V0B,0.653846,170.813,187.315,0.304136
MeanResponse,rpe1,ATP6V0C,0.576923,116.379,126.086,0.276417
MeanResponse,rpe1,C1QBP,0.769231,749.214,799.431,0.333859
MeanResponse,rpe1,CHMP3,0.903846,603.719,652.745,0.363413
MeanResponse,rpe1,COX6C,0.173077,84.2866,78.1599,0.0654876
MeanResponse,rpe1,DHX36,0.846154,381.449,417.568,0.36556
MeanResponse,rpe1,DNAJA3,0.115385,99.5464,90.4119,0.032023
MeanResponse,rpe1,DNMT1,0.807692,274.515,303.536,0.352256
MeanResponse,rpe1,DPH2,0.538462,354.396,377.452,0.265002
MeanResponse,rpe1,EIF3H,0.5,637.701,669.134,0.243676
MeanResponse,rpe1,EIF4B,0.461538,57.3872,58.321,0.21974
MeanResponse,rpe1,EWSR1,0.288462,112.421,109.436,0.103171
MeanResponse,rpe1,FDPS,0.153846,170.612,164.364,0.0419802
MeanResponse,rpe1,HDAC3,0.730769,302.897,329.104,0.304977
MeanResponse,rpe1,HIRA,0.788462,109.21,122.917,0.327053
MeanResponse,rpe1,HMGCR,0.384615,243.493,250.491,0.163524
MeanResponse,rpe1,HTATSF1,0.423077,249.649,258.845,0.182657
MeanResponse,rpe1,JAZF1,0.826923,117.969,134.023,0.348821
MeanResponse,rpe1,KIF20A,0.711538,1377.51,1442.14,0.300617
MeanResponse,rpe1,LRPPRC,0,215.554,198.275,-0.0659468
MeanResponse,rpe1,MAT2A,0.557692,86.7769,93.4572,0.267074
MeanResponse,rpe1,MAU2,0.961538,871.315,936.415,0.382309
MeanResponse,rpe1,MAX,0.596154,202.152,218.91,0.285054
MeanResponse,rpe1,MBTPS1,0.192308,63.1157,56.9912,0.0779795
MeanResponse,rpe1,MED1,0.75,298.36,326.103,0.329058
MeanResponse,rpe1,MED12,0.692308,501.871,537.132,0.310284
MeanResponse,rpe1,METTL14,0.230769,232.703,231.701,0.098776
MeanResponse,rpe1,METTL17,0.0576923,106.173,95.52,-0.0247586
MeanResponse,rpe1,METTL3,0.269231,272.891,273.607,0.109385
MeanResponse,rpe1,NDUFB4,0.134615,67.1029,57.8556,0.0111892
MeanResponse,rpe1,NDUFB6,0.25,114.036,110.31,0.0885145
MeanResponse,rpe1,NISCH,0.0769231,65.5334,55.8525,0.00498201
MeanResponse,rpe1,OXA1L,0.307692,242.485,243.49,0.103493
MeanResponse,rpe1,PPP2R3C,0.346154,111.514,111.421,0.161266
MeanResponse,rpe1,RNF20,0.480769,311.531,328.125,0.223217
MeanResponse,rpe1,RRM1,0.980769,333.179,372.065,0.397494
MeanResponse,rpe1,SDC1,1,257.061,290.671,0.399253
MeanResponse,rpe1,SEC62,0.865385,719.909,773.097,0.350418
MeanResponse,rpe1,SLC25A3,0.365385,237.537,242.221,0.138244
MeanResponse,rpe1,SMAGP,0.211538,75.5728,69.8796,0.0729411
MeanResponse,rpe1,SMARCB1,0.615385,138.223,150.89,0.287495
MeanResponse,rpe1,SMARCE1,0.326923,391.306,398.389,0.127238
MeanResponse,rpe1,SSBP1,0.0961538,203.71,194.847,0.0155267
MeanResponse,rpe1,STRAP,0.923077,346.298,383.203,0.376345
MeanResponse,rpe1,SUPT4H1,0.673077,861.314,910.036,0.298587
MeanResponse,rpe1,SUPV3L1,0.0384615,131.566,119.931,-0.017318
MeanResponse,rpe1,TFAM,0.0192308,36.3426,24.2574,-0.0305266
MeanResponse,rpe1,TMSB10,0.884615,295.701,327,0.359266
MeanResponse,rpe1,UQCRB,0.403846,103.633,105.199,0.173994
MeanResponse,rpe1,UQCRQ,0.634615,203.448,221.277,0.291869
MeanResponse,rpe1,USF2,0.442308,170.387,178.1,0.206689
MeanResponse,rpe1,WAC,0.519231,200.787,214.516,0.24886
SameGene,rpe1,ARPC2,0.961538,144.672,131.548,0.0838997
SameGene,rpe1,ATP6V0B,0.961538,220.432,187.315,0.246393
SameGene,rpe1,ATP6V0C,1,203.978,126.086,0.282224
SameGene,rpe1,C1QBP,0.980769,804.817,799.431,0.205433
SameGene,rpe1,CHMP3,1,857.403,652.745,0.198266
SameGene,rpe1,COX6C,0.173077,139.651,78.1599,0.00565178
SameGene,rpe1,DHX36,1,350.537,417.568,0.401564
SameGene,rpe1,DNAJA3,0.980769,133.625,90.4119,0.220497
SameGene,rpe1,DNMT1,1,310.425,303.536,0.233236
SameGene,rpe1,DPH2,1,392.657,377.452,0.172233
SameGene,rpe1,EIF3H,1,705.012,669.134,0.140053
SameGene,rpe1,EIF4B,1,79.2997,58.321,0.172083
SameGene,rpe1,EWSR1,1,151.766,109.436,0.0775841
SameGene,rpe1,FDPS,0.153846,321.994,164.364,-9.19501e-05
SameGene,rpe1,HDAC3,1,344.227,329.104,0.150015
SameGene,rpe1,HIRA,1,121.553,122.917,0.223359
SameGene,rpe1,HMGCR,0.5,511.736,250.491,0.0764869
SameGene,rpe1,HTATSF1,1,258.629,258.845,0.240481
SameGene,rpe1,JAZF1,1,138.17,134.023,0.199579
SameGene,rpe1,KIF20A,0.903846,1451.3,1442.14,0.150255
SameGene,rpe1,LRPPRC,0.980769,230.048,198.275,0.293071
SameGene,rpe1,MAT2A,0.923077,169.167,93.4572,0.125623
SameGene,rpe1,MAU2,1,920.449,936.415,0.205118
SameGene,rpe1,MAX,1,266.17,218.91,0.277975
SameGene,rpe1,MBTPS1,1,93.6752,56.9912,0.0815381
SameGene,rpe1,MED1,0.980769,395.209,326.103,0.311501
SameGene,rpe1,MED12,1,557.624,537.132,0.326499
SameGene,rpe1,METTL14,0.980769,216.008,231.701,0.405215
SameGene,rpe1,METTL17,0.288462,150.603,95.52,0.0223446
SameGene,rpe1,METTL3,1,199.553,273.607,0.519054
SameGene,rpe1,NDUFB4,0.173077,128.378,57.8556,0.0177203
SameGene,rpe1,NDUFB6,0.442308,176.023,110.31,0.0733152
SameGene,rpe1,NISCH,0.615385,78.6797,55.8525,0.0482162
SameGene,rpe1,OXA1L,0.423077,379.092,243.49,0.0706283
SameGene,rpe1,PPP2R3C,0.923077,161.971,111.421,0.0310689
SameGene,rpe1,RNF20,1,297.314,328.125,0.400343
SameGene,rpe1,RRM1,1,688.67,372.065,0.224699
SameGene,rpe1,SDC1,1,270.634,290.671,0.313694
SameGene,rpe1,SEC62,0.961538,946.706,773.097,0.043699
SameGene,rpe1,SLC25A3,0.673077,289.806,242.221,0.0419171
SameGene,rpe1,SMAGP,1,100.536,69.8796,0.0279038
SameGene,rpe1,SMARCB1,0.961538,169.554,150.89,0.0757491
SameGene,rpe1,SMARCE1,0.519231,533.224,398.389,0.0958133
SameGene,rpe1,SSBP1,0.903846,308.14,194.847,0.0606336
SameGene,rpe1,STRAP,1,349.323,383.203,0.315752
SameGene,rpe1,SUPT4H1,0.980769,1001.27,910.036,0.127599
SameGene,rpe1,SUPV3L1,0.980769,180.999,119.931,0.12553
SameGene,rpe1,TFAM,1,22.1819,24.2574,0.540184
SameGene,rpe1,TMSB10,0.980769,337.222,327,0.197009
SameGene,rpe1,UQCRB,0.538462,164.179,105.199,0.122203
SameGene,rpe1,UQCRQ,0.942308,279.308,221.277,0.105236
SameGene,rpe1,USF2,1,195.136,178.1,0.132521
SameGene,rpe1,WAC,0.980769,236.539,214.516,0.15589
ContextMean*,rpe1,ARPC2,0.769231,90.955,131.548,0.553585
ContextMean*,rpe1,ATP6V0B,0.653846,138.536,187.315,0.510363
ContextMean*,rpe1,ATP6V0C,0.615385,97.8491,126.086,0.486133
ContextMean*,rpe1,C1QBP,0.846154,616.405,799.431,0.602913
ContextMean*,rpe1,CHMP3,0.942308,478.587,652.745,0.642471
ContextMean*,rpe1,COX6C,0.153846,114.837,78.1599,0.0607751
ContextMean*,rpe1,DHX36,0.5,343.275,417.568,0.446861
ContextMean*,rpe1,DNAJA3,0.0384615,132.063,90.4119,0.0438036
ContextMean*,rpe1,DNMT1,0.711538,224.031,303.536,0.532925
ContextMean*,rpe1,DPH2,0.596154,298.572,377.452,0.473414
ContextMean*,rpe1,EIF3H,0.519231,562.582,669.134,0.428768
ContextMean*,rpe1,EIF4B,0.576923,55.9747,58.321,0.453992
ContextMean*,rpe1,EWSR1,0.365385,110.391,109.436,0.310509
ContextMean*,rpe1,FDPS,0.0769231,203.558,164.364,0.0249287
ContextMean*,rpe1,HDAC3,0.673077,246.338,329.104,0.516532
ContextMean*,rpe1,HIRA,0.807692,78.0663,122.917,0.595541
ContextMean*,rpe1,HMGCR,0.346154,244.993,250.491,0.229346
ContextMean*,rpe1,HTATSF1,0.461538,217.328,258.845,0.395926
ContextMean*,rpe1,JAZF1,0.961538,78.1434,134.023,0.645395
ContextMean*,rpe1,KIF20A,0.730769,1213.08,1442.14,0.531909
ContextMean*,rpe1,LRPPRC,0,270.782,198.275,-0.131553
ContextMean*,rpe1,MAT2A,0.692308,69.743,93.4572,0.524702
ContextMean*,rpe1,MAU2,0.903846,723.064,936.415,0.628053
ContextMean*,rpe1,MAX,0.442308,189.437,218.91,0.374067
ContextMean*,rpe1,MBTPS1,0.173077,92.5059,56.9912,0.0844135
ContextMean*,rpe1,MED1,0.788462,227.683,326.103,0.59441
ContextMean*,rpe1,MED12,0.634615,431.434,537.132,0.489362
ContextMean*,rpe1,METTL14,0.230769,243.153,231.701,0.169775
ContextMean*,rpe1,METTL17,0.115385,134.315,95.52,0.0265841
ContextMean*,rpe1,METTL3,0.211538,288.812,273.607,0.14129
ContextMean*,rpe1,NDUFB4,0.0961538,97.8919,57.8556,0.0379807
ContextMean*,rpe1,NDUFB6,0.269231,129.167,110.31,0.176169
ContextMean*,rpe1,NISCH,0.134615,95.0083,55.8525,0.0511571
ContextMean*,rpe1,OXA1L,0.288462,248.595,243.49,0.179952
ContextMean*,rpe1,PPP2R3C,0.307692,126.781,111.421,0.22302
ContextMean*,rpe1,RNF20,0.480769,269.369,328.125,0.419067
ContextMean*,rpe1,RRM1,0.980769,227.663,372.065,0.734366
ContextMean*,rpe1,SDC1,1,165.893,290.671,0.742723
ContextMean*,rpe1,SEC62,0.923077,583.092,773.097,0.626399
ContextMean*,rpe1,SLC25A3,0.403846,211.152,242.221,0.35387
ContextMean*,rpe1,SMAGP,0.25,93.9946,69.8796,0.172897
ContextMean*,rpe1,SMARCB1,0.75,106.558,150.89,0.539596
ContextMean*,rpe1,SMARCE1,0.384615,356.883,398.389,0.315546
ContextMean*,rpe1,SSBP1,0.192308,222.455,194.847,0.0945995
ContextMean*,rpe1,STRAP,0.884615,264.197,383.203,0.625782
ContextMean*,rpe1,SUPT4H1,0.826923,711.952,910.036,0.596931
ContextMean*,rpe1,SUPV3L1,0.0576923,160.019,119.931,0.0383229
ContextMean*,rpe1,TFAM,0.0192308,75.5281,24.2574,-0.0616039
ContextMean*,rpe1,TMSB10,0.865385,225.793,327,0.604336
ContextMean*,rpe1,UQCRB,0.326923,120.645,105.199,0.206604
ContextMean*,rpe1,UQCRQ,0.557692,177.065,221.277,0.443526
ContextMean*,rpe1,USF2,0.423077,157.48,178.1,0.363268
ContextMean*,rpe1,WAC,0.538462,172.041,214.516,0.438407
NoChange,jurkat,ARPC2,0.5,72.205,72.205,
NoChange,jurkat,ATP6V0B,0.5,270.412,270.412,
NoChange,jurkat,ATP6V0C,0.5,446.721,446.721,
NoChange,jurkat,C1QBP,0.5,775.548,775.548,
NoChange,jurkat,CHMP3,0.5,255.441,255.441,
NoChange,jurkat,COX6C,0.5,130.715,130.715,
NoChange,jurkat,DHX36,0.5,252.004,252.004,
NoChange,jurkat,DNAJA3,0.5,195.119,195.119,
NoChange,jurkat,DNMT1,0.5,388.869,388.869,
NoChange,jurkat,DPH2,0.5,263.84,263.84,
NoChange,jurkat,EIF3H,0.5,268.422,268.422,
NoChange,jurkat,EIF4B,0.5,38.2185,38.2185,
NoChange,jurkat,EWSR1,0.5,104.467,104.467,
NoChange,jurkat,FDPS,0.5,139.821,139.821,
NoChange,jurkat,HDAC3,0.5,136.503,136.503,
NoChange,jurkat,HIRA,0.5,69.4105,69.4105,
NoChange,jurkat,HMGCR,0.5,2167.57,2167.57,
NoChange,jurkat,HTATSF1,0.5,136.718,136.718,
NoChange,jurkat,JAZF1,0.5,87.1557,87.1557,
NoChange,jurkat,KIF20A,0.5,256.917,256.917,
NoChange,jurkat,LRPPRC,0.5,269.879,269.879,
NoChange,jurkat,MAT2A,0.5,364.871,364.871,
NoChange,jurkat,MAU2,0.5,559.447,559.447,
NoChange,jurkat,MAX,0.5,355.676,355.676,
NoChange,jurkat,MBTPS1,0.5,81.5652,81.5652,
NoChange,jurkat,MED1,0.5,146.782,146.782,
NoChange,jurkat,MED12,0.5,72.7446,72.7446,
NoChange,jurkat,METTL14,0.5,299.611,299.611,
NoChange,jurkat,METTL17,0.5,120.971,120.971,
NoChange,jurkat,METTL3,0.5,149.363,149.363,
NoChange,jurkat,NDUFB4,0.5,104.294,104.294,
NoChange,jurkat,NDUFB6,0.5,133.753,133.753,
NoChange,jurkat,NISCH,0.5,74.8455,74.8455,
NoChange,jurkat,OXA1L,0.5,245.903,245.903,
NoChange,jurkat,PPP2R3C,0.5,167.7,167.7,
NoChange,jurkat,RNF20,0.5,254.128,254.128,
NoChange,jurkat,RRM1,0.5,2867.6,2867.6,
NoChange,jurkat,SDC1,0.5,198.867,198.867,
NoChange,jurkat,SEC62,0.5,198.458,198.458,
NoChange,jurkat,SLC25A3,0.5,167.671,167.671,
NoChange,jurkat,SMAGP,0.5,84.9051,84.9051,
NoChange,jurkat,SMARCB1,0.5,65.6929,65.6929,
NoChange,jurkat,SMARCE1,0.5,322.685,322.685,
NoChange,jurkat,SSBP1,0.5,321.44,321.44,
NoChange,jurkat,STRAP,0.5,143.653,143.653,
NoChange,jurkat,SUPT4H1,0.5,694.129,694.129,
NoChange,jurkat,SUPV3L1,0.5,149.775,149.775,
NoChange,jurkat,TFAM,0.5,50.0648,50.0648,
NoChange,jurkat,TMSB10,0.5,354.903,354.903,
NoChange,jurkat,UQCRB,0.5,127.086,127.086,
NoChange,jurkat,UQCRQ,0.5,120.5,120.5,
NoChange,jurkat,USF2,0.5,124.647,124.647,
NoChange,jurkat,WAC,0.5,256.971,256.971,
MeanResponse,jurkat,ARPC2,0.326923,84.7058,72.205,0.0573729
MeanResponse,jurkat,ATP6V0B,0.788462,267.105,270.412,0.159244
MeanResponse,jurkat,ATP6V0C,0.288462,453.387,446.721,0.0507708
MeanResponse,jurkat,C1QBP,0.884615,752.414,775.548,0.18038
MeanResponse,jurkat,CHMP3,0.730769,253.357,255.441,0.143671
MeanResponse,jurkat,COX6C,0.25,142.847,130.715,0.054538
MeanResponse,jurkat,DHX36,0.596154,256.299,252.004,0.112832
MeanResponse,jurkat,DNAJA3,0.230769,206.404,195.119,0.0905312
MeanResponse,jurkat,DNMT1,0.865385,378.025,388.869,0.176994
MeanResponse,jurkat,DPH2,0.0769231,280.605,263.84,0.00701538
MeanResponse,jurkat,EIF3H,0.576923,272.926,268.422,0.0910704
MeanResponse,jurkat,EIF4B,0.653846,48.5985,38.2185,0.127746
MeanResponse,jurkat,EWSR1,0.557692,114.061,104.467,0.0865449
MeanResponse,jurkat,FDPS,0.365385,150.467,139.821,0.0604141
MeanResponse,jurkat,HDAC3,0.442308,146.39,136.503,0.051978
MeanResponse,jurkat,HIRA,0.923077,73.5283,69.4105,0.191141
MeanResponse,jurkat,HMGCR,0.807692,2125.96,2167.57,0.133318
MeanResponse,jurkat,HTATSF1,0.538462,145.306,136.718,0.075801
MeanResponse,jurkat,JAZF1,0.384615,98.7413,87.1557,0.0835857
MeanResponse,jurkat,KIF20A,0.134615,269.907,256.917,0.0254289
MeanResponse,jurkat,LRPPRC,0.0384615,287.653,269.879,0.0215559
MeanResponse,jurkat,MAT2A,0.826923,356.598,364.871,0.164849
MeanResponse,jurkat,MAU2,1,519.515,559.447,0.300234
MeanResponse,jurkat,MAX,0.961538,339.933,355.676,0.219168
MeanResponse,jurkat,MBTPS1,0.346154,93.6331,81.5652,0.0574836
MeanResponse,jurkat,MED1,0.673077,150.779,146.782,0.133634
MeanResponse,jurkat,MED12,0.519231,83.5907,72.7446,0.0874215
MeanResponse,jurkat,METTL14,0.634615,299.367,299.611,0.130657
MeanResponse,jurkat,METTL17,0.173077,134.771,120.971,0.0394076
MeanResponse,jurkat,METTL3,0.615385,155.077,149.363,0.123521
MeanResponse,jurkat,NDUFB4,0.769231,108.704,104.294,0.155682
MeanResponse,jurkat,NDUFB6,0.115385,148.331,133.753,0.028351
MeanResponse,jurkat,NISCH,0.192308,88.4137,74.8455,0.04169
MeanResponse,jurkat,OXA1L,0.480769,253.273,245.903,0.0870484
MeanResponse,jurkat,PPP2R3C,0.211538,179.727,167.7,0.0563036
MeanResponse,jurkat,RNF20,0.942308,243.601,254.128,0.192593
MeanResponse,jurkat,RRM1,0.5,2850.44,2867.6,0.0530872
MeanResponse,jurkat,SDC1,0.903846,194.726,198.867,0.185311
MeanResponse,jurkat,SEC62,0.0961538,212.727,198.458,0.00743988
MeanResponse,jurkat,SLC25A3,0.269231,178.377,167.671,0.0460251
MeanResponse,jurkat,SMAGP,0.307692,97.0776,84.9051,0.0604571
MeanResponse,jurkat,SMARCB1,0.403846,77.8738,65.6929,0.0636667
MeanResponse,jurkat,SMARCE1,0.980769,297.144,322.685,0.28591
MeanResponse,jurkat,SSBP1,0.0576923,338.269,321.44,0.0149984
MeanResponse,jurkat,STRAP,0.153846,157.56,143.653,0.0316569
MeanResponse,jurkat,SUPT4H1,0.461538,695.495,694.129,0.0603623
MeanResponse,jurkat,SUPV3L1,0.0192308,168.029,149.775,0.00938999
MeanResponse,jurkat,TFAM,0,69.5187,50.0648,0.0199612
MeanResponse,jurkat,TMSB10,0.75,349.436,354.903,0.145039
MeanResponse,jurkat,UQCRB,0.423077,137.436,127.086,0.0797888
MeanResponse,jurkat,UQCRQ,0.846154,122.597,120.5,0.172544
MeanResponse,jurkat,USF2,0.711538,128.382,124.647,0.153653
MeanResponse,jurkat,WAC,0.692308,256.209,256.971,0.112196
SameGene,jurkat,ARPC2,0.384615,100.099,72.205,0.0300178
SameGene,jurkat,ATP6V0B,0.942308,311.187,270.412,0.168324
SameGene,jurkat,ATP6V0C,0.538462,545.058,446.721,0.0777117
SameGene,jurkat,C1QBP,0.923077,833.07,775.548,0.148824
SameGene,jurkat,CHMP3,0.846154,669.107,255.441,0.123061
SameGene,jurkat,COX6C,0.615385,181.353,130.715,0.0326075
SameGene,jurkat,DHX36,1,241.566,252.004,0.363397
SameGene,jurkat,DNAJA3,0.980769,199.084,195.119,0.239409
SameGene,jurkat,DNMT1,0.961538,418.199,388.869,0.144551
SameGene,jurkat,DPH2,1,289.44,263.84,0.196839
SameGene,jurkat,EIF3H,1,355.076,268.422,0.184346
SameGene,jurkat,EIF4B,1,63.8443,38.2185,0.192262
SameGene,jurkat,EWSR1,0.980769,152.194,104.467,0.0561214
SameGene,jurkat,FDPS,0.942308,276.629,139.821,0.0616314
SameGene,jurkat,HDAC3,1,197.197,136.503,0.128314
SameGene,jurkat,HIRA,1,84.3275,69.4105,0.16084
SameGene,jurkat,HMGCR,0.980769,2148.77,2167.57,0.104843
SameGene,jurkat,HTATSF1,1,188.526,136.718,0.148287
SameGene,jurkat,JAZF1,1,105.968,87.1557,0.161868
SameGene,jurkat,KIF20A,0.557692,589.268,256.917,0.0481379
SameGene,jurkat,LRPPRC,0.980769,300.195,269.879,0.23536
SameGene,jurkat,MAT2A,1,372.996,364.871,0.176974
SameGene,jurkat,MAU2,1,609.186,559.447,0.196986
SameGene,jurkat,MAX,1,343.029,355.676,0.324559
SameGene,jurkat,MBTPS1,1,100.726,81.5652,0.171922
SameGene,jurkat,MED1,0.903846,367.744,146.782,0.18637
SameGene,jurkat,MED12,0.596154,427.538,72.7446,0.0948597
SameGene,jurkat,METTL14,0.980769,251.673,299.611,0.432365
SameGene,jurkat,METTL17,0.384615,178.407,120.971,0.00996103
SameGene,jurkat,METTL3,1,119.304,149.363,0.525537
SameGene,jurkat,NDUFB4,0.923077,150.441,104.294,0.109953
SameGene,jurkat,NDUFB6,0.75,202.294,133.753,0.055446
SameGene,jurkat,NISCH,1,95.9241,74.8455,0.0396807
SameGene,jurkat,OXA1L,0.769231,383.688,245.903,0.0765359
SameGene,jurkat,PPP2R3C,0.884615,207.16,167.7,0.0468273
SameGene,jurkat,RNF20,1,269.693,254.128,0.36046
SameGene,jurkat,RRM1,0.538462,3036.73,2867.6,0.0472805
SameGene,jurkat,SDC1,1,228.952,198.867,0.239193
SameGene,jurkat,SEC62,0.634615,489.134,198.458,0.0175486
SameGene,jurkat,SLC25A3,0.903846,228.426,167.671,0.0363911
SameGene,jurkat,SMAGP,0.903846,115.108,84.9051,0.0202219
SameGene,jurkat,SMARCB1,0.980769,98.5448,65.6929,0.0687847
SameGene,jurkat,SMARCE1,1,467.38,322.685,0.108779
SameGene,jurkat,SSBP1,0.923077,395.943,321.44,0.088429
SameGene,jurkat,STRAP,1,197.166,143.653,0.224921
SameGene,jurkat,SUPT4H1,0.826923,919.159,694.129,0.0449601
SameGene,jurkat,SUPV3L1,1,196.32,149.775,0.149389
SameGene,jurkat,TFAM,1,36.3817,50.0648,0.465297
SameGene,jurkat,TMSB10,0.980769,383.09,354.903,0.134654
SameGene,jurkat,UQCRB,0.461538,206.189,127.086,0.0398425
SameGene,jurkat,UQCRQ,0.942308,199.686,120.5,0.104727
SameGene,jurkat,USF2,1,148.205,124.647,0.146913
SameGene,jurkat,WAC,0.980769,283.793,256.971,0.112715
ContextMean*,jurkat,ARPC2,0.25,77.2991,72.205,0.165071
ContextMean*,jurkat,ATP6V0B,0.826923,236.3,270.412,0.379533
ContextMean*,jurkat,ATP6V0C,0.288462,433.499,446.721,0.173265
ContextMean*,jurkat,C1QBP,0.884615,704.774,775.548,0.385973
ContextMean*,jurkat,CHMP3,0.692308,233.223,255.441,0.298222
ContextMean*,jurkat,COX6C,0.442308,125.657,130.715,0.232211
ContextMean*,jurkat,DHX36,0.903846,218.326,252.004,0.391221
ContextMean*,jurkat,DNAJA3,0.865385,168.352,195.119,0.394577
ContextMean*,jurkat,DNMT1,0.961538,333.348,388.869,0.449864
ContextMean*,jurkat,DPH2,0.173077,261.307,263.84,0.144398
ContextMean*,jurkat,EIF3H,0.153846,267.044,268.422,0.134251
ContextMean*,jurkat,EIF4B,0.192308,47.1028,38.2185,0.151384
ContextMean*,jurkat,EWSR1,0.423077,102.573,104.467,0.22143
ContextMean*,jurkat,FDPS,0.0769231,145.896,139.821,0.108398
ContextMean*,jurkat,HDAC3,0.269231,136.876,136.503,0.171131
ContextMean*,jurkat,HIRA,0.942308,58.3094,69.4105,0.407944
ContextMean*,jurkat,HMGCR,0.75,2056.3,2167.57,0.341671
ContextMean*,jurkat,HTATSF1,0.384615,134.763,136.718,0.194528
ContextMean*,jurkat,JAZF1,0.769231,77.6528,87.1557,0.344661
ContextMean*,jurkat,KIF20A,0.0961538,258.417,256.917,0.11512
ContextMean*,jurkat,LRPPRC,0.230769,264.721,269.879,0.165385
ContextMean*,jurkat,MAT2A,0.788462,327.074,364.871,0.350048
ContextMean*,jurkat,MAU2,1,474.78,559.447,0.526838
ContextMean*,jurkat,MAX,0.980769,293.785,355.676,0.512212
ContextMean*,jurkat,MBTPS1,0.0192308,98.2234,81.5652,-0.00243782
ContextMean*,jurkat,MED1,0.730769,133.31,146.782,0.304614
ContextMean*,jurkat,MED12,0.5,72.2259,72.7446,0.245555
ContextMean*,jurkat,METTL14,0.480769,283.1,299.611,0.235229
ContextMean*,jurkat,METTL17,0.403846,118.897,120.971,0.208048
ContextMean*,jurkat,METTL3,0.365385,147.105,149.363,0.189486
ContextMean*,jurkat,NDUFB4,0.557692,98.5835,104.294,0.267931
ContextMean*,jurkat,NDUFB6,0.461538,128.24,133.753,0.234434
ContextMean*,jurkat,NISCH,0.0576923,85.4911,74.8455,0.0830767
ContextMean*,jurkat,OXA1L,0.576923,227.658,245.903,0.273814
ContextMean*,jurkat,PPP2R3C,0.326923,165.332,167.7,0.179857
ContextMean*,jurkat,RNF20,0.923077,219.41,254.128,0.398889
ContextMean*,jurkat,RRM1,0.519231,2773.93,2867.6,0.256709
ContextMean*,jurkat,SDC1,0.596154,183.474,198.867,0.278425
ContextMean*,jurkat,SEC62,0,223.803,198.458,-0.0778487
ContextMean*,jurkat,SLC25A3,0.134615,171.246,167.671,0.123009
ContextMean*,jurkat,SMAGP,0.115385,92.6542,84.9051,0.116725
ContextMean*,jurkat,SMARCB1,0.211538,71.5909,65.6929,0.160875
ContextMean*,jurkat,SMARCE1,0.846154,283.805,322.685,0.37978
ContextMean*,jurkat,SSBP1,0.346154,311.718,321.44,0.181058
ContextMean*,jurkat,STRAP,0.0384615,152.069,143.653,0.0829158
ContextMean*,jurkat,SUPT4H1,0.538462,653.61,694.129,0.267149
ContextMean*,jurkat,SUPV3L1,0.307692,149.015,149.775,0.176008
ContextMean*,jurkat,TFAM,0.653846,49.8525,50.0648,0.322122
ContextMean*,jurkat,TMSB10,0.634615,328.483,354.903,0.280475
ContextMean*,jurkat,UQCRB,0.615385,117.917,127.086,0.280898
ContextMean*,jurkat,UQCRQ,0.711538,110.151,120.5,0.30145
ContextMean*,jurkat,USF2,0.807692,109.219,124.647,0.352759
ContextMean*,jurkat,WAC,0.673077,235.619,256.971,0.293961
NoChange,hepg2,ARPC2,0.5,79.9235,79.9235,
NoChange,hepg2,ATP6V0B,0.5,362.089,362.089,
NoChange,hepg2,ATP6V0C,0.5,465.201,465.201,
NoChange,hepg2,C1QBP,0.5,302.427,302.427,
NoChange,hepg2,CHMP3,0.5,2439.79,2439.79,
NoChange,hepg2,COX6C,0.5,327.306,327.306,
NoChange,hepg2,DHX36,0.5,222.623,222.623,
NoChange,hepg2,DNAJA3,0.5,229.834,229.834,
NoChange,hepg2,DNMT1,0.5,230.842,230.842,
NoChange,hepg2,DPH2,0.5,177.788,177.788,
NoChange,hepg2,EIF3H,0.5,574.465,574.465,
NoChange,hepg2,EIF4B,0.5,48.607,48.607,
NoChange,hepg2,EWSR1,0.5,189.111,189.111,
NoChange,hepg2,FDPS,0.5,303.71,303.71,
NoChange,hepg2,HDAC3,0.5,217.817,217.817,
NoChange,hepg2,HIRA,0.5,69.4248,69.4248,
NoChange,hepg2,HMGCR,0.5,348.37,348.37,
NoChange,hepg2,HTATSF1,0.5,269.21,269.21,
NoChange,hepg2,JAZF1,0.5,63.4654,63.4654,
NoChange,hepg2,KIF20A,0.5,1067.72,1067.72,
NoChange,hepg2,LRPPRC,0.5,551.42,551.42,
NoChange,hepg2,MAT2A,0.5,93.4206,93.4206,
NoChange,hepg2,MAU2,0.5,256.645,256.645,
NoChange,hepg2,MAX,0.5,273.889,273.889,
NoChange,hepg2,MBTPS1,0.5,118.792,118.792,
NoChange,hepg2,MED1,0.5,1301.44,1301.44,
NoChange,hepg2,MED12,0.5,1252.84,1252.84,
NoChange,hepg2,METTL14,0.5,308.491,308.491,
NoChange,hepg2,METTL17,0.5,320.927,320.927,
NoChange,hepg2,METTL3,0.5,165.351,165.351,
NoChange,hepg2,NDUFB4,0.5,411.796,411.796,
NoChange,hepg2,NDUFB6,0.5,501.361,501.361,
NoChange,hepg2,NISCH,0.5,104.024,104.024,
NoChange,hepg2,OXA1L,0.5,947.705,947.705,
NoChange,hepg2,PPP2R3C,0.5,164.869,164.869,
NoChange,hepg2,RNF20,0.5,413.669,413.669,
NoChange,hepg2,RRM1,0.5,1193.56,1193.56,
NoChange,hepg2,SDC1,0.5,238.2,238.2,
NoChange,hepg2,SEC62,0.5,345.758,345.758,
NoChange,hepg2,SLC25A3,0.5,295.344,295.344,
NoChange,hepg2,SMAGP,0.5,139.132,139.132,
NoChange,hepg2,SMARCB1,0.5,131.599,131.599,
NoChange,hepg2,SMARCE1,0.5,975.946,975.946,
NoChange,hepg2,SSBP1,0.5,570.434,570.434,
NoChange,hepg2,STRAP,0.5,216.942,216.942,
NoChange,hepg2,SUPT4H1,0.5,995.649,995.649,
NoChange,hepg2,SUPV3L1,0.5,350.771,350.771,
NoChange,hepg2,TFAM,0.5,17.3912,17.3912,
NoChange,hepg2,TMSB10,0.5,154.589,154.589,
NoChange,hepg2,UQCRB,0.5,461.531,461.531,
NoChange,hepg2,UQCRQ,0.5,542.03,542.03,
NoChange,hepg2,USF2,0.5,149.085,149.085,
NoChange,hepg2,WAC,0.5,172.912,172.912,
MeanResponse,hepg2,ARPC2,0.423077,84.9323,79.9235,0.116665
MeanResponse,hepg2,ATP6V0B,0.923077,323.182,362.089,0.385417
MeanResponse,hepg2,ATP6V0C,1,405.881,465.201,0.479671
MeanResponse,hepg2,C1QBP,0.653846,291.407,302.427,0.18856
MeanResponse,hepg2,CHMP3,0.461538,2407.44,2439.79,0.118402
MeanResponse,hepg2,COX6C,0.634615,315.446,327.306,0.185178
MeanResponse,hepg2,DHX36,0.596154,217.273,222.623,0.17584
MeanResponse,hepg2,DNAJA3,0.615385,222.701,229.834,0.194414
MeanResponse,hepg2,DNMT1,0.730769,221.417,230.842,0.19843
MeanResponse,hepg2,DPH2,0.115385,193.424,177.788,-0.0358938
MeanResponse,hepg2,EIF3H,0.0384615,599.388,574.465,-0.0792109
MeanResponse,hepg2,EIF4B,0.0576923,64.3264,48.607,-0.0712766
MeanResponse,hepg2,EWSR1,0.25,198.582,189.111,0.0287089
MeanResponse,hepg2,FDPS,0.557692,297.604,303.71,0.146593
MeanResponse,hepg2,HDAC3,0.365385,222.642,217.817,0.0606508
MeanResponse,hepg2,HIRA,0.692308,70.4284,69.4248,0.197693
MeanResponse,hepg2,HMGCR,0.788462,331.53,348.37,0.217984
MeanResponse,hepg2,HTATSF1,0.519231,264.848,269.21,0.141021
MeanResponse,hepg2,JAZF1,0.307692,73.0648,63.4654,0.0471357
MeanResponse,hepg2,KIF20A,0.673077,1036,1067.72,0.181846
MeanResponse,hepg2,LRPPRC,0.173077,565.715,551.42,-0.00430877
MeanResponse,hepg2,MAT2A,0.269231,102.968,93.4206,0.0416065
MeanResponse,hepg2,MAU2,0.403846,257.458,256.645,0.0986383
MeanResponse,hepg2,MAX,0.769231,261.612,273.889,0.204905
MeanResponse,hepg2,MBTPS1,0.192308,131.748,118.792,-0.00867952
MeanResponse,hepg2,MED1,0.942308,1213.38,1301.44,0.391825
MeanResponse,hepg2,MED12,0.980769,1159.19,1252.84,0.43272
MeanResponse,hepg2,METTL14,0.0961538,326.457,308.491,-0.0521228
MeanResponse,hepg2,METTL17,0.576923,312.582,320.927,0.155437
MeanResponse,hepg2,METTL3,0,190.704,165.351,-0.145368
MeanResponse,hepg2,NDUFB4,0.884615,376.472,411.796,0.328426
MeanResponse,hepg2,NDUFB6,0.75,481.349,501.361,0.199642
MeanResponse,hepg2,NISCH,0.384615,110.818,104.024,0.0740716
MeanResponse,hepg2,OXA1L,0.826923,905.585,947.705,0.243932
MeanResponse,hepg2,PPP2R3C,0.153846,179.278,164.869,-0.0268444
MeanResponse,hepg2,RNF20,0.865385,379.935,413.669,0.318453
MeanResponse,hepg2,RRM1,0.961538,1109.05,1193.56,0.392757
MeanResponse,hepg2,SDC1,0.903846,212.134,238.2,0.347149
MeanResponse,hepg2,SEC62,0.134615,362.671,345.758,-0.046034
MeanResponse,hepg2,SLC25A3,0.346154,299.892,295.344,0.0554585
MeanResponse,hepg2,SMAGP,0.0769231,156.634,139.132,-0.0662346
MeanResponse,hepg2,SMARCB1,0.288462,140.274,131.599,0.0392027
MeanResponse,hepg2,SMARCE1,0.711538,945.069,975.946,0.189037
MeanResponse,hepg2,SSBP1,0.230769,583.251,570.434,0.000565725
MeanResponse,hepg2,STRAP,0.807692,204.677,216.942,0.234627
MeanResponse,hepg2,SUPT4H1,0.480769,979.321,995.649,0.118475
MeanResponse,hepg2,SUPV3L1,0.538462,343.546,350.771,0.149875
MeanResponse,hepg2,TFAM,0.0192308,32.1252,17.3912,-0.0479304
MeanResponse,hepg2,TMSB10,0.5,155.023,154.589,0.142203
MeanResponse,hepg2,UQCRB,0.846154,435.561,461.531,0.248032
MeanResponse,hepg2,UQCRQ,0.442308,535.097,542.03,0.11709
MeanResponse,hepg2,USF2,0.211538,161.885,149.085,-0.00512527
MeanResponse,hepg2,WAC,0.326923,179.797,172.912,0.0592072
SameGene,hepg2,ARPC2,0.480769,102.586,79.9235,0.0639382
SameGene,hepg2,ATP6V0B,0.980769,343.257,362.089,0.281235
SameGene,hepg2,ATP6V0C,1,453.371,465.201,0.268116
SameGene,hepg2,C1QBP,0.846154,418.728,302.427,0.193019
SameGene,hepg2,CHMP3,0.5,2507.67,2439.79,0.104152
SameGene,hepg2,COX6C,0.653846,354.576,327.306,0.0250812
SameGene,hepg2,DHX36,0.980769,263.177,222.623,0.256783
SameGene,hepg2,DNAJA3,0.980769,242.891,229.834,0.201669
SameGene,hepg2,DNMT1,0.865385,289.925,230.842,0.130989
SameGene,hepg2,DPH2,0.942308,233.196,177.788,0.159943
SameGene,hepg2,EIF3H,0.326923,700.52,574.465,0.0324232
SameGene,hepg2,EIF4B,0.903846,78.3257,48.607,0.120162
SameGene,hepg2,EWSR1,0.730769,228.084,189.111,0.0416889
SameGene,hepg2,FDPS,0.711538,429.909,303.71,0.026884
SameGene,hepg2,HDAC3,0.942308,256.264,217.817,0.139724
SameGene,hepg2,HIRA,0.711538,87.04,69.4248,0.137198
SameGene,hepg2,HMGCR,0.884615,584.525,348.37,0.0821054
SameGene,hepg2,HTATSF1,1,273,269.21,0.220897
SameGene,hepg2,JAZF1,0.903846,84.5651,63.4654,0.172717
SameGene,hepg2,KIF20A,0.826923,1145.17,1067.72,0.135774
SameGene,hepg2,LRPPRC,0.980769,584.848,551.42,0.137857
SameGene,hepg2,MAT2A,0.75,176.703,93.4206,0.0948296
SameGene,hepg2,MAU2,0.596154,424.198,256.645,0.11448
SameGene,hepg2,MAX,1,310.907,273.889,0.266139
SameGene,hepg2,MBTPS1,1,128.277,118.792,0.18775
SameGene,hepg2,MED1,0.961538,1190.54,1301.44,0.29588
SameGene,hepg2,MED12,1,1073.64,1252.84,0.377022
SameGene,hepg2,METTL14,0.980769,306.798,308.491,0.316125
SameGene,hepg2,METTL17,0.961538,347.147,320.927,0.0326016
SameGene,hepg2,METTL3,1,168.229,165.351,0.38616
SameGene,hepg2,NDUFB4,0.961538,416.986,411.796,0.1033
SameGene,hepg2,NDUFB6,0.942308,514.017,501.361,0.0795658
SameGene,hepg2,NISCH,0.865385,122.807,104.024,0.028877
SameGene,hepg2,OXA1L,0.961538,946.601,947.705,0.147237
SameGene,hepg2,PPP2R3C,0.365385,214.677,164.869,0.010023
SameGene,hepg2,RNF20,1,404.754,413.669,0.312818
SameGene,hepg2,RRM1,1,1328.48,1193.56,0.181801
SameGene,hepg2,SDC1,1,224.172,238.2,0.333305
SameGene,hepg2,SEC62,0.346154,612.662,345.758,0.0131493
SameGene,hepg2,SLC25A3,0.634615,335.602,295.344,0.043684
SameGene,hepg2,SMAGP,0.519231,163.111,139.132,0.0160796
SameGene,hepg2,SMARCB1,0.519231,157.253,131.599,0.0484425
SameGene,hepg2,SMARCE1,0.807692,1037.81,975.946,0.0815594
SameGene,hepg2,SSBP1,0.942308,620.768,570.434,0.077164
SameGene,hepg2,STRAP,1,225.284,216.942,0.295905
SameGene,hepg2,SUPT4H1,0.807692,1096.09,995.649,0.107183
SameGene,hepg2,SUPV3L1,0.980769,371.912,350.771,0.134103
SameGene,hepg2,TFAM,1,29.5593,17.3912,0.378703
SameGene,hepg2,TMSB10,0.769231,218.798,154.589,0.134641
SameGene,hepg2,UQCRB,0.884615,470.506,461.531,0.110556
SameGene,hepg2,UQCRQ,0.596154,562.857,542.03,0.0915533
SameGene,hepg2,USF2,0.769231,180.247,149.085,0.0841495
SameGene,hepg2,WAC,0.519231,232.181,172.912,0.0606031
ContextMean*,hepg2,ARPC2,0.307692,94.0208,79.9235,0.157034
ContextMean*,hepg2,ATP6V0B,0.846154,298.801,362.089,0.459372
ContextMean*,hepg2,ATP6V0C,0.961538,371.936,465.201,0.545263
ContextMean*,hepg2,C1QBP,0.461538,288.708,302.427,0.224877
ContextMean*,hepg2,CHMP3,0.634615,2303.84,2439.79,0.292012
ContextMean*,hepg2,COX6C,0.769231,285.26,327.306,0.357821
ContextMean*,hepg2,DHX36,0.403846,220.174,222.623,0.212824
ContextMean*,hepg2,DNAJA3,0.788462,197.956,229.834,0.402274
ContextMean*,hepg2,DNMT1,0.5,217.977,230.842,0.246557
ContextMean*,hepg2,DPH2,0.173077,198.917,177.788,0.054833
ContextMean*,hepg2,EIF3H,0.115385,596.282,574.465,0.0196065
ContextMean*,hepg2,EIF4B,0.0961538,75.9896,48.607,0.0185159
ContextMean*,hepg2,EWSR1,0.230769,201.975,189.111,0.108767
ContextMean*,hepg2,FDPS,0.596154,276.022,303.71,0.297133
ContextMean*,hepg2,HDAC3,0.576923,202.239,217.817,0.260667
ContextMean*,hepg2,HIRA,0.442308,78.8071,69.4248,0.230068
ContextMean*,hepg2,HMGCR,0.692308,309.794,348.37,0.33003
ContextMean*,hepg2,HTATSF1,0.480769,254.413,269.21,0.242622
ContextMean*,hepg2,JAZF1,0.288462,79.9022,63.4654,0.145272
ContextMean*,hepg2,KIF20A,0.711538,976.936,1067.72,0.32204
ContextMean*,hepg2,LRPPRC,0.269231,545.82,551.42,0.155863
ContextMean*,hepg2,MAT2A,0.192308,111.981,93.4206,0.103304
ContextMean*,hepg2,MAU2,0.326923,257.593,256.645,0.156613
ContextMean*,hepg2,MAX,0.519231,256.135,273.889,0.249754
ContextMean*,hepg2,MBTPS1,0.0769231,146.777,118.792,0.00816947
ContextMean*,hepg2,MED1,0.903846,1133.47,1301.44,0.501987
ContextMean*,hepg2,MED12,0.884615,1096.73,1252.84,0.503567
ContextMean*,hepg2,METTL14,0.0384615,336.777,308.491,-0.00915433
ContextMean*,hepg2,METTL17,0.653846,286.164,320.927,0.315414
ContextMean*,hepg2,METTL3,0,204.237,165.351,-0.0738282
ContextMean*,hepg2,NDUFB4,1,311.431,411.796,0.585547
ContextMean*,hepg2,NDUFB6,0.730769,443.574,501.361,0.350995
ContextMean*,hepg2,NISCH,0.346154,114.113,104.024,0.167774
ContextMean*,hepg2,OXA1L,0.942308,806.573,947.705,0.502221
ContextMean*,hepg2,PPP2R3C,0.153846,187.777,164.869,0.037161
ContextMean*,hepg2,RNF20,0.826923,350.176,413.669,0.417663
ContextMean*,hepg2,RRM1,0.923077,1031.64,1193.56,0.502739
ContextMean*,hepg2,SDC1,0.980769,170.323,238.2,0.57306
ContextMean*,hepg2,SEC62,0.134615,366.76,345.758,0.0184109
ContextMean*,hepg2,SLC25A3,0.384615,290.021,295.344,0.169018
ContextMean*,hepg2,SMAGP,0.0576923,167.505,139.132,-0.00229778
ContextMean*,hepg2,SMARCB1,0.423077,136.269,131.599,0.187007
ContextMean*,hepg2,SMARCE1,0.807692,877.269,975.946,0.366893
ContextMean*,hepg2,SSBP1,0.211538,573.267,570.434,0.11086
ContextMean*,hepg2,STRAP,0.75,188.861,216.942,0.357168
ContextMean*,hepg2,SUPT4H1,0.557692,934.109,995.649,0.246436
ContextMean*,hepg2,SUPV3L1,0.673077,312.477,350.771,0.340419
ContextMean*,hepg2,TFAM,0.0192308,48.9727,17.3912,0.029467
ContextMean*,hepg2,TMSB10,0.538462,148.095,154.589,0.281227
ContextMean*,hepg2,UQCRB,0.865385,380.844,461.531,0.46702
ContextMean*,hepg2,UQCRQ,0.615385,495.235,542.03,0.304603
ContextMean*,hepg2,USF2,0.25,162.927,149.085,0.118036
ContextMean*,hepg2,WAC,0.365385,176.8,172.912,0.180393
