method,held_out,n_perturbations,pds,pds_ci_low,pds_ci_high,expr_error_ratio,pearson
NoChange,k562,53,0.5,0.5,0.5,1,
MeanResponse,k562,53,0.5,0.416537,0.577304,1.03447,0.0987863
SameGene,k562,53,0.857039,0.798966,0.908209,1.45306,0.162306
ContextMean*,k562,53,0.5,0.42197,0.579472,0.945104,0.230398
NoChange,rpe1,53,0.5,0.5,0.5,1,
MeanResponse,rpe1,53,0.5,0.421235,0.580207,0.951296,0.208099
SameGene,rpe1,53,0.86357,0.791364,0.92637,1.16597,0.177254
ContextMean*,rpe1,53,0.5,0.417625,0.580189,0.849679,0.364342
NoChange,jurkat,53,0.5,0.5,0.5,1,
MeanResponse,jurkat,53,0.5,0.425254,0.576234,1.01171,0.100028
SameGene,jurkat,53,0.884978,0.835631,0.928166,1.23925,0.148401
ContextMean*,jurkat,53,0.5,0.420891,0.580198,0.945765,0.248194
NoChange,hepg2,53,0.5,0.5,0.5,1,
MeanResponse,hepg2,53,0.5,0.421979,0.579835,0.977654,0.13318
SameGene,hepg2,53,0.822569,0.766682,0.874102,1.09707,0.148637
ContextMean*,hepg2,53,0.5,0.419802,0.579109,0.930105,0.248134
