baseline,fold,perturbation,n_targets,n_constituents_in_train,n_cells,mae,rmse,pearson_delta
Replicate,0,AHR,1,0,479,0.00798017,0.0193212,0.929871
Replicate,0,ATL1,1,0,305,0.00910258,0.0230314,0.949277
Replicate,0,BAK1,1,0,1171,0.00397379,0.00990962,0.814056
Replicate,0,BPGM,1,0,393,0.00748758,0.0190181,0.935621
Replicate,0,C19orf26+TGFBR2,2,2,274,0.0102782,0.0258837,0.909656
Replicate,0,CBL+CNN1,2,2,288,0.00987161,0.0248705,0.978498
Replicate,0,CDKN1C,1,0,165,0.0119475,0.0298318,0.882286
Replicate,0,CEBPA+CEBPE,2,2,240,0.016032,0.0380139,0.981163
Replicate,0,CEBPA+KLF1,2,2,308,0.0126441,0.0297638,0.980566
Replicate,0,CEBPE+FOSB,2,1,142,0.0215741,0.0532587,0.948248
Replicate,0,CLDN6+KLF1,2,2,215,0.0105771,0.0256148,0.962589
Replicate,0,CNN1+UBASH3B,2,1,355,0.00869494,0.0219224,0.98
Replicate,0,CNNM4,1,0,376,0.00735115,0.0182394,0.916271
Replicate,0,COL1A1,1,0,257,0.009992,0.0244767,0.950306
Replicate,0,DUSP9+MAPK1,2,2,247,0.00935143,0.0228369,0.869254
Replicate,0,DUSP9+PRTG,2,2,238,0.0112241,0.0266186,0.965535
Replicate,0,ETS2+IGDCC3,2,2,365,0.00906692,0.0235699,0.889117
Replicate,0,ETS2+IKZF3,2,2,388,0.00911023,0.0228946,0.977728
Replicate,0,FOSB,1,0,502,0.00739043,0.0180867,0.931922
Replicate,0,FOSB+IKZF3,2,1,204,0.0118094,0.0303945,0.936434
Replicate,0,FOSB+UBASH3B,2,0,363,0.00814633,0.0202319,0.850864
Replicate,0,FOXA1+HOXB9,2,1,266,0.0115456,0.0274827,0.950144
Replicate,0,FOXF1,1,0,715,0.00550223,0.0132388,0.849361
Replicate,0,FOXF1+FOXL2,2,1,173,0.0149899,0.0369063,0.924516
Replicate,0,FOXF1+HOXB9,2,0,173,0.0142236,0.0350604,0.90381
Replicate,0,FOXL2+ZNF318,2,2,197,0.011181,0.0273263,0.872445
Replicate,0,HNF4A,1,0,202,0.0126067,0.0321307,0.914333
Replicate,0,HOXB9,1,0,612,0.00682315,0.0164621,0.938281
Replicate,0,IGDCC3+ZBTB25,2,1,99,0.0144342,0.0359185,0.931571
Replicate,0,ISL2,1,0,485,0.00660851,0.0165186,0.714634
Replicate,0,KIAA1804,1,0,212,0.00972738,0.0240909,0.713529
Replicate,0,KIF18B+KIF2C,2,1,83,0.0184055,0.0466322,0.363507
Replicate,0,KIF2C,1,0,518,0.00646515,0.0161386,0.701591
Replicate,0,MAML2,1,0,508,0.00624952,0.0157342,0.73358
Replicate,0,MAP2K3,1,0,458,0.00642644,0.0164447,0.872232
Replicate,0,MAP4K5,1,0,300,0.0079537,0.0199078,0.64793
Replicate,0,MEIS1,1,0,682,0.00598331,0.0146262,0.828353
Replicate,0,PTPN12+SNAI1,2,2,244,0.0102928,0.0258785,0.873864
Replicate,0,PTPN12+ZBTB25,2,1,257,0.0093361,0.0240019,0.961925
Replicate,0,PTPN9,1,0,363,0.00775788,0.0192469,0.862825
Replicate,0,PTPN9+UBASH3B,2,0,282,0.0097588,0.0254939,0.947403
Replicate,0,RUNX1T1,1,0,631,0.00539283,0.013209,0.735511
Replicate,0,SAMD1,1,0,430,0.00848228,0.0201875,0.933152
Replicate,0,SGK1,1,0,446,0.00754553,0.0187193,0.932007
Replicate,0,SGK1+TBX2,2,1,287,0.00939897,0.023097,0.960027
Replicate,0,TSC22D1,1,0,376,0.00719649,0.0173175,0.81049
Replicate,0,UBASH3B,1,0,983,0.00470384,0.0117054,0.935607
Replicate,0,ZBTB25,1,0,590,0.00575494,0.0146439,0.934971
GlobalMean,0,AHR,1,0,479,0.0118226,0.0380195,0.671827
GlobalMean,0,ATL1,1,0,305,0.0161568,0.0519645,0.727731
GlobalMean,0,BAK1,1,0,1171,0.0143367,0.0441519,-0.132402
GlobalMean,0,BPGM,1,0,393,0.0151726,0.0486439,0.475867
GlobalMean,0,C19orf26+TGFBR2,2,2,274,0.0140393,0.0449305,0.697951
GlobalMean,0,CBL+CNN1,2,2,288,0.0250285,0.0972832,0.622777
GlobalMean,0,CDKN1C,1,0,165,0.0143623,0.0431134,0.694629
GlobalMean,0,CEBPA+CEBPE,2,2,240,0.0528645,0.166934,0.576901
GlobalMean,0,CEBPA+KLF1,2,2,308,0.0363753,0.118719,0.529496
GlobalMean,0,CEBPE+FOSB,2,1,142,0.0429785,0.134646,0.567623
GlobalMean,0,CLDN6+KLF1,2,2,215,0.0193072,0.0736991,0.648265
GlobalMean,0,CNN1+UBASH3B,2,1,355,0.022749,0.0917686,0.597455
GlobalMean,0,CNNM4,1,0,376,0.0129654,0.0446312,0.426209
GlobalMean,0,COL1A1,1,0,257,0.0196854,0.0723078,0.391632
GlobalMean,0,DUSP9+MAPK1,2,2,247,0.0139825,0.043257,0.464538
GlobalMean,0,DUSP9+PRTG,2,2,238,0.0226343,0.081202,0.659661
GlobalMean,0,ETS2+IGDCC3,2,2,365,0.0127509,0.0405802,0.621004
GlobalMean,0,ETS2+IKZF3,2,2,388,0.0197392,0.079882,0.758609
GlobalMean,0,FOSB,1,0,502,0.014988,0.0503958,0.295216
GlobalMean,0,FOSB+IKZF3,2,1,204,0.0164751,0.0646578,0.690229
GlobalMean,0,FOSB+UBASH3B,2,0,363,0.0121533,0.0358964,0.564115
GlobalMean,0,FOXA1+HOXB9,2,1,266,0.0205095,0.0610133,0.816058
GlobalMean,0,FOXF1,1,0,715,0.0102315,0.0313007,0.594306
GlobalMean,0,FOXF1+FOXL2,2,1,173,0.0246152,0.0729586,0.742897
GlobalMean,0,FOXF1+HOXB9,2,0,173,0.0193065,0.0579271,0.763609
GlobalMean,0,FOXL2+ZNF318,2,2,197,0.0126795,0.0340619,0.787135
GlobalMean,0,HNF4A,1,0,202,0.0164538,0.0494677,0.600557
GlobalMean,0,HOXB9,1,0,612,0.00968784,0.0329902,0.698434
GlobalMean,0,IGDCC3+ZBTB25,2,1,99,0.0224343,0.0744608,0.704253
GlobalMean,0,ISL2,1,0,485,0.0115827,0.0372572,0.355605
GlobalMean,0,KIAA1804,1,0,212,0.0124604,0.0334829,0.564485
GlobalMean,0,KIF18B+KIF2C,2,1,83,0.0173031,0.0456454,0.348695
GlobalMean,0,KIF2C,1,0,518,0.0122634,0.0370532,0.360177
GlobalMean,0,MAML2,1,0,508,0.0161661,0.0491945,-0.255362
GlobalMean,0,MAP2K3,1,0,458,0.0190005,0.059184,-0.416685
GlobalMean,0,MAP4K5,1,0,300,0.0125012,0.0336228,0.519071
GlobalMean,0,MEIS1,1,0,682,0.0108531,0.0329698,0.536073
GlobalMean,0,PTPN12+SNAI1,2,2,244,0.0136438,0.0394296,0.607718
GlobalMean,0,PTPN12+ZBTB25,2,1,257,0.0201199,0.0720853,0.593634
GlobalMean,0,PTPN9,1,0,363,0.0130827,0.0366923,0.515035
GlobalMean,0,PTPN9+UBASH3B,2,0,282,0.0180025,0.0588764,0.714778
GlobalMean,0,RUNX1T1,1,0,631,0.0125989,0.0395056,0.186146
GlobalMean,0,SAMD1,1,0,430,0.0110426,0.0348534,0.790265
GlobalMean,0,SGK1,1,0,446,0.0115595,0.0355338,0.719881
GlobalMean,0,SGK1+TBX2,2,1,287,0.0174759,0.0608275,0.663345
GlobalMean,0,TSC22D1,1,0,376,0.0128135,0.0387697,0.353268
GlobalMean,0,UBASH3B,1,0,983,0.0117155,0.0334132,0.579763
GlobalMean,0,ZBTB25,1,0,590,0.013277,0.0403752,0.490338
HVGRidge,0,AHR,1,0,479,0.00945521,0.0252597,0.872999
HVGRidge,0,ATL1,1,0,305,0.0178406,0.0594776,0.791168
HVGRidge,0,BAK1,1,0,1171,0.00614394,0.0177885,0.372724
HVGRidge,0,BPGM,1,0,393,0.00759046,0.0205977,0.929271
HVGRidge,0,C19orf26+TGFBR2,2,2,274,0.0126113,0.0375428,0.866096
HVGRidge,0,CBL+CNN1,2,2,288,0.0121529,0.0385954,0.963213
HVGRidge,0,CDKN1C,1,0,165,0.0114741,0.0291951,0.885008
HVGRidge,0,CEBPA+CEBPE,2,2,240,0.0184746,0.0492105,0.973572
HVGRidge,0,CEBPA+KLF1,2,2,308,0.0178726,0.0514885,0.941674
HVGRidge,0,CEBPE+FOSB,2,1,142,0.0222682,0.0594372,0.947664
HVGRidge,0,CLDN6+KLF1,2,2,215,0.0140815,0.0401004,0.902555
HVGRidge,0,CNN1+UBASH3B,2,1,355,0.0117656,0.040348,0.961805
HVGRidge,0,CNNM4,1,0,376,0.00956812,0.0401161,0.41413
HVGRidge,0,COL1A1,1,0,257,0.0202609,0.0731677,0.364764
HVGRidge,0,DUSP9+MAPK1,2,2,247,0.014669,0.0408907,0.803726
HVGRidge,0,DUSP9+PRTG,2,2,238,0.0108276,0.0274045,0.964739
HVGRidge,0,ETS2+IGDCC3,2,2,365,0.00892604,0.0241006,0.88173
HVGRidge,0,ETS2+IKZF3,2,2,388,0.00917211,0.0269435,0.973241
HVGRidge,0,FOSB,1,0,502,0.0120072,0.0325573,0.820797
HVGRidge,0,FOSB+IKZF3,2,1,204,0.0175794,0.0490689,0.89458
HVGRidge,0,FOSB+UBASH3B,2,0,363,0.0140874,0.0392759,0.755193
HVGRidge,0,FOXA1+HOXB9,2,1,266,0.0114052,0.0285353,0.948129
HVGRidge,0,FOXF1,1,0,715,0.00803876,0.0204754,0.804254
HVGRidge,0,FOXF1+FOXL2,2,1,173,0.0145354,0.0368452,0.946919
HVGRidge,0,FOXF1+HOXB9,2,0,173,0.0134027,0.0323875,0.918143
HVGRidge,0,FOXL2+ZNF318,2,2,197,0.0119488,0.0308692,0.836226
HVGRidge,0,HNF4A,1,0,202,0.0171062,0.0519705,0.652238
HVGRidge,0,HOXB9,1,0,612,0.0104797,0.0271714,0.880124
HVGRidge,0,IGDCC3+ZBTB25,2,1,99,0.0130994,0.0346388,0.948584
HVGRidge,0,ISL2,1,0,485,0.0105799,0.0291657,0.490399
HVGRidge,0,KIAA1804,1,0,212,0.00959191,0.0269048,0.536897
HVGRidge,0,KIF18B+KIF2C,2,1,83,0.0247876,0.0680981,0.413587
HVGRidge,0,KIF2C,1,0,518,0.0187183,0.0570791,0.413748
HVGRidge,0,MAML2,1,0,508,0.0112717,0.0353203,-0.282012
HVGRidge,0,MAP2K3,1,0,458,0.00782905,0.0223931,0.703135
HVGRidge,0,MAP4K5,1,0,300,0.00751147,0.0195907,0.611906
HVGRidge,0,MEIS1,1,0,682,0.00860408,0.0218112,0.772257
HVGRidge,0,PTPN12+SNAI1,2,2,244,0.0117901,0.0307887,0.842144
HVGRidge,0,PTPN12+ZBTB25,2,1,257,0.0100436,0.0255664,0.959288
HVGRidge,0,PTPN9,1,0,363,0.0091301,0.0247233,0.819242
HVGRidge,0,PTPN9+UBASH3B,2,0,282,0.00911268,0.023811,0.963506
HVGRidge,0,RUNX1T1,1,0,631,0.00693356,0.0190625,0.393442
HVGRidge,0,SAMD1,1,0,430,0.00807962,0.0206771,0.934325
HVGRidge,0,SGK1,1,0,446,0.0103882,0.0296147,0.831257
HVGRidge,0,SGK1+TBX2,2,1,287,0.010753,0.0292918,0.929213
HVGRidge,0,TSC22D1,1,0,376,0.0142797,0.0468937,0.35282
HVGRidge,0,UBASH3B,1,0,983,0.00547464,0.0157272,0.924162
HVGRidge,0,ZBTB25,1,0,590,0.00850765,0.0236742,0.873559
Replicate,1,BCL2L11,1,0,463,0.00630643,0.0158319,0.456416
Replicate,1,BPGM+ZBTB1,2,2,283,0.00918005,0.022558,0.957392
Replicate,1,CDKN1B+CDKN1C,2,2,79,0.0172445,0.0441252,0.837051
Replicate,1,CEBPA+ZC3HAV1,2,1,124,0.0200144,0.0483051,0.963337
Replicate,1,CEBPB+PTPN12,2,2,266,0.00976531,0.023463,0.928219
Replicate,1,CEBPE+CNN1,2,2,194,0.0116812,0.0280192,0.896842
Replicate,1,CEBPE+ETS2,2,1,320,0.00939631,0.0219871,0.969558
Replicate,1,CEBPE+ZC3HAV1,2,1,346,0.00760991,0.0185934,0.908861
Replicate,1,CNN1+MAPK1,2,2,325,0.00891892,0.0220197,0.911147
Replicate,1,COL2A1+KLF1,2,2,251,0.0090205,0.0224423,0.956316
Replicate,1,CSRNP1,1,0,354,0.00674375,0.0169114,0.786981
Replicate,1,DUSP9+ETS2,2,1,698,0.00661832,0.0159076,0.970428
Replicate,1,ELMSAN1+MAP2K3,2,2,484,0.00576509,0.0140259,0.963045
Replicate,1,ELMSAN1+ZBTB10,2,1,161,0.0161846,0.0393823,0.916091
Replicate,1,ETS2,1,0,1031,0.00486222,0.0118242,0.96961
Replicate,1,ETS2+PRTG,2,0,354,0.0080894,0.019581,0.94082
Replicate,1,ETS2+TGFBR2,2,1,275,0.00875669,0.0223369,0.818343
Replicate,1,FEV,1,0,647,0.00636515,0.0159674,0.976736
Replicate,1,FOXA1+FOXF1,2,2,237,0.0117216,0.0282546,0.917604
Replicate,1,FOXA3+HOXB9,2,2,301,0.0122952,0.0293098,0.962465
Replicate,1,GLB1L2,1,0,378,0.00775451,0.0192365,0.880194
Replicate,1,HOXC13,1,0,343,0.00946651,0.0226474,0.945927
Replicate,1,HOXC13+ZC3HAV1,2,0,543,0.00767704,0.0191571,0.945418
Replicate,1,IGDCC3+PRTG,2,1,108,0.0153838,0.0382413,0.881748
Replicate,1,IGDCC3+TGFBR2,2,2,262,0.010163,0.0264308,0.908744
Replicate,1,IKZF3,1,0,583,0.00699576,0.0167422,0.988214
Replicate,1,IKZF3+MAP2K3,2,1,220,0.0110037,0.0290579,0.958593
Replicate,1,JUN,1,0,235,0.0107575,0.0263346,0.895192
Replicate,1,KLF1+MAP2K6,2,2,222,0.00974418,0.0260439,0.890786
Replicate,1,KLF1+SET,2,2,541,0.00615423,0.0153312,0.978619
Replicate,1,LYL1,1,0,360,0.0076217,0.0191047,0.819637
Replicate,1,MAP2K3+MAP2K6,2,2,458,0.0060705,0.0155652,0.876096
Replicate,1,MIDN,1,0,256,0.012391,0.0313304,0.910752
Replicate,1,PLK4,1,0,97,0.0172798,0.0457398,0.175966
Replicate,1,POU3F2,1,0,312,0.00882925,0.0223145,0.85888
Replicate,1,PRTG,1,0,581,0.00646249,0.0159186,0.970724
Replicate,1,PTPN12+SAMD1,2,2,292,0.0104146,0.0259571,0.955007
Replicate,1,PTPN13,1,0,226,0.0103509,0.0263586,0.819873
Replicate,1,S1PR2+SGK1,2,2,312,0.0107782,0.0267426,0.957834
Replicate,1,SAMD1+TGFBR2,2,2,59,0.0259161,0.0708108,0.622341
Replicate,1,SLC38A2,1,0,280,0.00846331,0.0217837,0.572086
Replicate,1,SLC4A1,1,0,853,0.00512325,0.0125778,0.97125
Replicate,1,TBX2+TBX3,2,1,969,0.00503211,0.0124358,0.986399
Replicate,1,TBX3,1,0,559,0.00612018,0.0152618,0.971901
Replicate,1,TMSB4X,1,0,462,0.00662384,0.0165559,0.902727
Replicate,1,ZBTB10,1,0,145,0.0180562,0.0450846,0.878049
Replicate,1,ZC3HAV1,1,0,436,0.00637531,0.0160411,0.814897
GlobalMean,1,BCL2L11,1,0,463,0.0142456,0.0418878,0.0734655
GlobalMean,1,BPGM+ZBTB1,2,2,283,0.0158805,0.0577127,0.66346
GlobalMean,1,CDKN1B+CDKN1C,2,2,79,0.0187966,0.0570293,0.738226
GlobalMean,1,CEBPA+ZC3HAV1,2,1,124,0.0465509,0.147123,0.514476
GlobalMean,1,CEBPB+PTPN12,2,2,266,0.0128749,0.0416175,0.735054
GlobalMean,1,CEBPE+CNN1,2,2,194,0.0151716,0.0485992,0.576245
GlobalMean,1,CEBPE+ETS2,2,1,320,0.0229771,0.084175,0.327076
GlobalMean,1,CEBPE+ZC3HAV1,2,1,346,0.0165129,0.0554475,0.0968954
GlobalMean,1,CNN1+MAPK1,2,2,325,0.0143849,0.0475947,0.480163
GlobalMean,1,COL2A1+KLF1,2,2,251,0.0215537,0.0755703,0.261303
GlobalMean,1,CSRNP1,1,0,354,0.0184931,0.0566816,-0.402938
GlobalMean,1,DUSP9+ETS2,2,1,698,0.0142273,0.0507886,0.635895
GlobalMean,1,ELMSAN1+MAP2K3,2,2,484,0.0221616,0.0706355,-0.178101
GlobalMean,1,ELMSAN1+ZBTB10,2,1,161,0.0259413,0.0766636,0.674986
GlobalMean,1,ETS2,1,0,1031,0.0160414,0.0577886,0.138246
GlobalMean,1,ETS2+PRTG,2,0,354,0.0140291,0.0436276,0.644199
GlobalMean,1,ETS2+TGFBR2,2,1,275,0.0157811,0.0494807,0.182049
GlobalMean,1,FEV,1,0,647,0.0185979,0.0664631,0.392672
GlobalMean,1,FOXA1+FOXF1,2,2,237,0.0141327,0.0432716,0.730847
GlobalMean,1,FOXA3+HOXB9,2,2,301,0.0217873,0.0649111,0.800756
GlobalMean,1,GLB1L2,1,0,378,0.0114341,0.0392001,0.52336
GlobalMean,1,HOXC13,1,0,343,0.0151639,0.0457891,0.778059
GlobalMean,1,HOXC13+ZC3HAV1,2,0,543,0.0127926,0.0407764,0.595148
GlobalMean,1,IGDCC3+PRTG,2,1,108,0.0188457,0.0587143,0.715392
GlobalMean,1,IGDCC3+TGFBR2,2,2,262,0.0146112,0.0463486,0.680079
GlobalMean,1,IKZF3,1,0,583,0.019287,0.0834272,0.75005
GlobalMean,1,IKZF3+MAP2K3,2,1,220,0.0176977,0.0824234,0.633403
GlobalMean,1,JUN,1,0,235,0.0142416,0.0459075,0.618762
GlobalMean,1,KLF1+MAP2K6,2,2,222,0.0190337,0.0607886,0.191194
GlobalMean,1,KLF1+SET,2,2,541,0.0201348,0.0710441,0.349953
GlobalMean,1,LYL1,1,0,360,0.0134959,0.0409055,0.380656
GlobalMean,1,MAP2K3+MAP2K6,2,2,458,0.0181114,0.0574117,-0.30677
GlobalMean,1,MIDN,1,0,256,0.0165412,0.054144,0.694578
GlobalMean,1,PLK4,1,0,97,0.0147394,0.037821,0.560108
GlobalMean,1,POU3F2,1,0,312,0.0121689,0.0360623,0.621834
GlobalMean,1,PRTG,1,0,581,0.0140982,0.04924,0.64883
GlobalMean,1,PTPN12+SAMD1,2,2,292,0.0176631,0.0627781,0.735399
GlobalMean,1,PTPN13,1,0,226,0.0129206,0.0389409,0.592016
GlobalMean,1,S1PR2+SGK1,2,2,312,0.0196098,0.0676818,0.708823
GlobalMean,1,SAMD1+TGFBR2,2,2,59,0.0229791,0.063419,0.792454
GlobalMean,1,SLC38A2,1,0,280,0.0165801,0.0507395,-0.195216
GlobalMean,1,SLC4A1,1,0,853,0.0175145,0.0596835,0.182539
GlobalMean,1,TBX2+TBX3,2,1,969,0.0157093,0.0692803,0.412131
GlobalMean,1,TBX3,1,0,559,0.0137788,0.066645,0.266107
GlobalMean,1,TMSB4X,1,0,462,0.0132116,0.0472532,0.269222
GlobalMean,1,ZBTB10,1,0,145,0.0244892,0.0740051,0.650891
GlobalMean,1,ZC3HAV1,1,0,436,0.0171336,0.052987,-0.230348
HVGRidge,1,BCL2L11,1,0,463,0.00685288,0.0175789,0.384903
HVGRidge,1,BPGM+ZBTB1,2,2,283,0.00977464,0.0255989,0.943445
HVGRidge,1,CDKN1B+CDKN1C,2,2,79,0.013379,0.0317244,0.91811
HVGRidge,1,CEBPA+ZC3HAV1,2,1,124,0.0233417,0.0637246,0.9269
HVGRidge,1,CEBPB+PTPN12,2,2,266,0.0142637,0.0378914,0.839628
HVGRidge,1,CEBPE+CNN1,2,2,194,0.0163157,0.0471992,0.820246
HVGRidge,1,CEBPE+ETS2,2,1,320,0.012167,0.0327248,0.93396
HVGRidge,1,CEBPE+ZC3HAV1,2,1,346,0.0189854,0.0577845,0.490185
HVGRidge,1,CNN1+MAPK1,2,2,325,0.0103497,0.0363238,0.783158
HVGRidge,1,COL2A1+KLF1,2,2,251,0.0135575,0.039861,0.851282
HVGRidge,1,CSRNP1,1,0,354,0.0158146,0.0494956,-0.45694
HVGRidge,1,DUSP9+ETS2,2,1,698,0.0124076,0.0370213,0.8542
HVGRidge,1,ELMSAN1+MAP2K3,2,2,484,0.00718626,0.0196482,0.927229
HVGRidge,1,ELMSAN1+ZBTB10,2,1,161,0.0172891,0.0447404,0.901437
HVGRidge,1,ETS2,1,0,1031,0.00744414,0.0238781,0.865173
HVGRidge,1,ETS2+PRTG,2,0,354,0.0093263,0.0246482,0.903872
HVGRidge,1,ETS2+TGFBR2,2,1,275,0.00995443,0.0275483,0.754931
HVGRidge,1,FEV,1,0,647,0.0143458,0.0432713,0.872154
HVGRidge,1,FOXA1+FOXF1,2,2,237,0.00936551,0.0220481,0.936291
HVGRidge,1,FOXA3+HOXB9,2,2,301,0.010409,0.0248156,0.964901
HVGRidge,1,GLB1L2,1,0,378,0.0087111,0.0333316,0.556854
HVGRidge,1,HOXC13,1,0,343,0.0179555,0.0545756,0.678114
HVGRidge,1,HOXC13+ZC3HAV1,2,0,543,0.0161577,0.056407,0.437689
HVGRidge,1,IGDCC3+PRTG,2,1,108,0.0154983,0.0419116,0.885801
HVGRidge,1,IGDCC3+TGFBR2,2,2,262,0.00838677,0.0212164,0.941583
HVGRidge,1,IKZF3,1,0,583,0.00919567,0.0257184,0.980328
HVGRidge,1,IKZF3+MAP2K3,2,1,220,0.012508,0.0399635,0.926151
HVGRidge,1,JUN,1,0,235,0.0182092,0.0492154,0.677509
HVGRidge,1,KLF1+MAP2K6,2,2,222,0.0107456,0.0288119,0.862009
HVGRidge,1,KLF1+SET,2,2,541,0.0129523,0.0420797,0.830284
HVGRidge,1,LYL1,1,0,360,0.0107103,0.0285448,0.660224
HVGRidge,1,MAP2K3+MAP2K6,2,2,458,0.00963002,0.0272879,0.839627
HVGRidge,1,MIDN,1,0,256,0.0155065,0.0520185,0.713953
HVGRidge,1,PLK4,1,0,97,0.0154845,0.0393854,0.575316
HVGRidge,1,POU3F2,1,0,312,0.00932569,0.0240803,0.848886
HVGRidge,1,PRTG,1,0,581,0.00682865,0.0200077,0.961773
HVGRidge,1,PTPN12+SAMD1,2,2,292,0.00899371,0.0220778,0.967832
HVGRidge,1,PTPN13,1,0,226,0.0118986,0.03794,0.573489
HVGRidge,1,S1PR2+SGK1,2,2,312,0.0126771,0.0391075,0.90829
HVGRidge,1,SAMD1+TGFBR2,2,2,59,0.0188759,0.0475572,0.877008
HVGRidge,1,SLC38A2,1,0,280,0.00995066,0.0273863,0.22841
HVGRidge,1,SLC4A1,1,0,853,0.0150232,0.057279,0.0456735
HVGRidge,1,TBX2+TBX3,2,1,969,0.00747372,0.0204027,0.963926
HVGRidge,1,TBX3,1,0,559,0.00816497,0.0261674,0.928453
HVGRidge,1,TMSB4X,1,0,462,0.0119789,0.0341623,0.700501
HVGRidge,1,ZBTB10,1,0,145,0.0143834,0.0355811,0.927517
HVGRidge,1,ZC3HAV1,1,0,436,0.0155613,0.0544797,-0.154555
Replicate,2,AHR+FEV,2,2,264,0.0136533,0.0342908,0.968791
Replicate,2,AHR+KLF1,2,1,412,0.00756675,0.0190321,0.95907
Replicate,2,BAK1+KLF1,2,1,323,0.00767353,0.0189832,0.9424
Replicate,2,BAK1+TMSB4X,2,2,267,0.00835054,0.0210603,0.864414
Replicate,2,BCL2L11+TGFBR2,2,1,382,0.0072053,0.0185331,0.81047
Replicate,2,C19orf26,1,0,750,0.00532114,0.0132076,0.906821
Replicate,2,C3orf72,1,0,217,0.0121315,0.0300732,0.873397
Replicate,2,CBFA2T3+PRDM1,2,2,109,0.0192129,0.0485022,0.915629
Replicate,2,CBL+TGFBR2,2,1,156,0.0110713,0.0280108,0.902033
Replicate,2,CBL+UBASH3B,2,2,326,0.00932788,0.0234503,0.976841
Replicate,2,CEBPA,1,0,580,0.0104519,0.0238302,0.99207
Replicate,2,CEBPA+CEBPB,2,0,75,0.0292704,0.0720347,0.931656
Replicate,2,CEBPB,1,0,422,0.00876769,0.0203725,0.975089
Replicate,2,CEBPB+CEBPE,2,1,111,0.0208467,0.0491667,0.943162
Replicate,2,CEBPB+LYL1,2,1,159,0.0132115,0.03217,0.891357
Replicate,2,CEBPB+MAPK1,2,1,337,0.00921178,0.0222315,0.970959
Replicate,2,CLDN6,1,0,544,0.0082918,0.0219569,0.959771
Replicate,2,DUSP9+KLF1,2,1,320,0.00849693,0.0209827,0.979087
Replicate,2,ELMSAN1,1,0,783,0.00473604,0.0116719,0.91773
Replicate,2,ELMSAN1+LHX1,2,1,547,0.00694735,0.0167709,0.961395
Replicate,2,ELMSAN1+MAP2K6,2,0,365,0.00684582,0.0172697,0.904404
Replicate,2,FEV+ISL2,2,2,272,0.0115437,0.0287034,0.960357
Replicate,2,FOSB+PTPN12,2,2,291,0.00906362,0.0226119,0.858932
Replicate,2,FOXA1+FOXL2,2,2,179,0.0136559,0.0329575,0.905976
Replicate,2,FOXA1+KLF1,2,1,323,0.00913197,0.0227495,0.940114
Replicate,2,FOXL2+MEIS1,2,2,177,0.0138454,0.0336516,0.888083
Replicate,2,FOXL2+POU3F2,2,2,286,0.0114173,0.0273837,0.952261
Replicate,2,HOXA13,1,0,230,0.0131742,0.0317739,0.940311
Replicate,2,IER5L+LYL1,2,2,547,0.00726412,0.0174058,0.972913
Replicate,2,IKZF3+MAPK1,2,2,264,0.0104249,0.0258676,0.957215
Replicate,2,KIF18B,1,0,212,0.00989227,0.0251446,0.640725
Replicate,2,KLF1,1,0,1641,0.00342351,0.00821796,0.990202
Replicate,2,MAP2K6,1,0,741,0.00509704,0.0125778,0.865082
Replicate,2,MAP2K6+SPI1,2,1,242,0.00910352,0.0228804,0.89538
Replicate,2,OSR2+UBASH3B,2,2,677,0.00559538,0.0134204,0.921071
Replicate,2,PTPN1,1,0,342,0.00803042,0.0197038,0.957372
Replicate,2,PTPN12+UBASH3A,2,1,255,0.00983057,0.0246106,0.962129
Replicate,2,PTPN12+ZBTB10,2,2,230,0.0123168,0.0302198,0.935426
Replicate,2,RHOXF2BB,1,0,290,0.0106849,0.0260333,0.934492
Replicate,2,RHOXF2BB+SET,2,1,267,0.0111464,0.0266803,0.958889
Replicate,2,RREB1,1,0,281,0.00909646,0.0229676,0.861992
Replicate,2,S1PR2,1,0,446,0.0080654,0.0201024,0.939377
Replicate,2,SGK1+TBX3,2,2,243,0.0106629,0.0267123,0.95229
Replicate,2,SNAI1+ZBTB10,2,2,85,0.0217105,0.0523264,0.915827
Replicate,2,TGFBR2,1,0,537,0.00599727,0.0151089,0.708529
Replicate,2,UBASH3A,1,0,686,0.00550105,0.0138516,0.747706
Replicate,2,UBASH3B+ZBTB25,2,2,224,0.00985681,0.0243399,0.951991
GlobalMean,2,AHR+FEV,2,2,264,0.0319691,0.111658,0.658634
GlobalMean,2,AHR+KLF1,2,1,412,0.0192147,0.0668244,0.235901
GlobalMean,2,BAK1+KLF1,2,1,323,0.0187284,0.062551,0.149579
GlobalMean,2,BAK1+TMSB4X,2,2,267,0.0138233,0.049443,0.201765
GlobalMean,2,BCL2L11+TGFBR2,2,1,382,0.0140555,0.0405858,0.320697
GlobalMean,2,C19orf26,1,0,750,0.0117553,0.0341264,0.515379
GlobalMean,2,C3orf72,1,0,217,0.0128392,0.0394059,0.710032
GlobalMean,2,CBFA2T3+PRDM1,2,2,109,0.0305403,0.0920714,0.817593
GlobalMean,2,CBL+TGFBR2,2,1,156,0.0157763,0.0527575,0.577791
GlobalMean,2,CBL+UBASH3B,2,2,326,0.0229412,0.0837994,0.715656
GlobalMean,2,CEBPA,1,0,580,0.054549,0.171499,0.555344
GlobalMean,2,CEBPA+CEBPB,2,0,75,0.0506453,0.154425,0.510894
GlobalMean,2,CEBPB,1,0,422,0.0227664,0.0769927,0.558342
GlobalMean,2,CEBPB+CEBPE,2,1,111,0.0429523,0.131065,0.558947
GlobalMean,2,CEBPB+LYL1,2,1,159,0.0166614,0.0559915,0.595562
GlobalMean,2,CEBPB+MAPK1,2,1,337,0.0229962,0.0848064,0.376896
GlobalMean,2,CLDN6,1,0,544,0.0148588,0.0540878,0.660914
GlobalMean,2,DUSP9+KLF1,2,1,320,0.0208605,0.0864225,0.567208
GlobalMean,2,ELMSAN1,1,0,783,0.0160653,0.0490841,-0.0820977
GlobalMean,2,ELMSAN1+LHX1,2,1,547,0.0142887,0.0547752,0.439683
GlobalMean,2,ELMSAN1+MAP2K6,2,0,365,0.018453,0.0594721,-0.176604
GlobalMean,2,FEV+ISL2,2,2,272,0.024875,0.0839007,0.575864
GlobalMean,2,FOSB+PTPN12,2,2,291,0.0128232,0.0369246,0.571126
GlobalMean,2,FOXA1+FOXL2,2,2,179,0.0187931,0.0556594,0.730961
GlobalMean,2,FOXA1+KLF1,2,1,323,0.0163678,0.0550024,0.561486
GlobalMean,2,FOXL2+MEIS1,2,2,177,0.0174469,0.0520076,0.73644
GlobalMean,2,FOXL2+POU3F2,2,2,286,0.0207046,0.0632884,0.807595
GlobalMean,2,HOXA13,1,0,230,0.022275,0.0673886,0.801234
GlobalMean,2,IER5L+LYL1,2,2,547,0.0143799,0.0499713,0.807809
GlobalMean,2,IKZF3+MAPK1,2,2,264,0.01897,0.0661535,0.742482
GlobalMean,2,KIF18B,1,0,212,0.0121108,0.032551,0.550167
GlobalMean,2,KLF1,1,0,1641,0.0175723,0.0623917,0.151652
GlobalMean,2,MAP2K6,1,0,741,0.016729,0.0526465,-0.410692
GlobalMean,2,MAP2K6+SPI1,2,1,242,0.0149447,0.0457932,0.506865
GlobalMean,2,OSR2+UBASH3B,2,2,677,0.0127447,0.0443466,0.227857
GlobalMean,2,PTPN1,1,0,342,0.0143259,0.0477501,0.725616
GlobalMean,2,PTPN12+UBASH3A,2,1,255,0.0196942,0.0700243,0.664453
GlobalMean,2,PTPN12+ZBTB10,2,2,230,0.0180153,0.0539692,0.720115
GlobalMean,2,RHOXF2BB,1,0,290,0.0161151,0.049015,0.750899
GlobalMean,2,RHOXF2BB+SET,2,1,267,0.0251984,0.0782143,0.586043
GlobalMean,2,RREB1,1,0,281,0.0127374,0.0368727,0.581215
GlobalMean,2,S1PR2,1,0,446,0.0146527,0.0493864,0.508161
GlobalMean,2,SGK1+TBX3,2,2,243,0.0139301,0.0668595,0.568274
GlobalMean,2,SNAI1+ZBTB10,2,2,85,0.0361594,0.109444,0.596539
GlobalMean,2,TGFBR2,1,0,537,0.0135137,0.038598,0.199374
GlobalMean,2,UBASH3A,1,0,686,0.010498,0.029907,0.615551
GlobalMean,2,UBASH3B+ZBTB25,2,2,224,0.0172876,0.0600276,0.681615
HVGRidge,2,AHR+FEV,2,2,264,0.020052,0.0622709,0.89641
HVGRidge,2,AHR+KLF1,2,1,412,0.0112339,0.0310224,0.881252
HVGRidge,2,BAK1+KLF1,2,1,323,0.00862953,0.0232757,0.911275
HVGRidge,2,BAK1+TMSB4X,2,2,267,0.00908548,0.0245454,0.809922
HVGRidge,2,BCL2L11+TGFBR2,2,1,382,0.00772202,0.020965,0.743073
HVGRidge,2,C19orf26,1,0,750,0.00873152,0.0248029,0.833068
HVGRidge,2,C3orf72,1,0,217,0.0187184,0.0514948,0.44766
HVGRidge,2,CBFA2T3+PRDM1,2,2,109,0.0209025,0.0574459,0.898744
HVGRidge,2,CBL+TGFBR2,2,1,156,0.0101734,0.0257023,0.917737
HVGRidge,2,CBL+UBASH3B,2,2,326,0.011872,0.0369569,0.972138
HVGRidge,2,CEBPA,1,0,580,0.0174567,0.0475194,0.990108
HVGRidge,2,CEBPA+CEBPB,2,0,75,0.0276264,0.0709595,0.951985
HVGRidge,2,CEBPB,1,0,422,0.0121299,0.034246,0.934679
HVGRidge,2,CEBPB+CEBPE,2,1,111,0.0194821,0.0488737,0.951628
HVGRidge,2,CEBPB+LYL1,2,1,159,0.0168198,0.0452885,0.822291
HVGRidge,2,CEBPB+MAPK1,2,1,337,0.0135718,0.0361068,0.937232
HVGRidge,2,CLDN6,1,0,544,0.0134983,0.0401854,0.828295
HVGRidge,2,DUSP9+KLF1,2,1,320,0.0116492,0.0344242,0.946479
HVGRidge,2,ELMSAN1,1,0,783,0.0101469,0.0285682,0.519958
HVGRidge,2,ELMSAN1+LHX1,2,1,547,0.0101153,0.026829,0.893898
HVGRidge,2,ELMSAN1+MAP2K6,2,0,365,0.0110053,0.0300588,0.688782
HVGRidge,2,FEV+ISL2,2,2,272,0.0135707,0.0377252,0.941488
HVGRidge,2,FOSB+PTPN12,2,2,291,0.0131968,0.0372541,0.688244
HVGRidge,2,FOXA1+FOXL2,2,2,179,0.0112161,0.0267708,0.940885
HVGRidge,2,FOXA1+KLF1,2,1,323,0.0134534,0.0379754,0.822494
HVGRidge,2,FOXL2+MEIS1,2,2,177,0.0113522,0.0281896,0.928054
HVGRidge,2,FOXL2+POU3F2,2,2,286,0.012387,0.0324717,0.94115
HVGRidge,2,HOXA13,1,0,230,0.0268977,0.0819024,0.752865
HVGRidge,2,IER5L+LYL1,2,2,547,0.0107283,0.0293013,0.943171
HVGRidge,2,IKZF3+MAPK1,2,2,264,0.0102091,0.0275277,0.950892
HVGRidge,2,KIF18B,1,0,212,0.0100275,0.0246927,0.601121
HVGRidge,2,KLF1,1,0,1641,0.00649332,0.019175,0.946053
HVGRidge,2,MAP2K6,1,0,741,0.0083719,0.0252896,0.284393
HVGRidge,2,MAP2K6+SPI1,2,1,242,0.020572,0.0599982,0.767541
HVGRidge,2,OSR2+UBASH3B,2,2,677,0.00971339,0.0279016,0.748209
HVGRidge,2,PTPN1,1,0,342,0.0151518,0.0531963,0.654961
HVGRidge,2,PTPN12+UBASH3A,2,1,255,0.0116294,0.0334486,0.95083
HVGRidge,2,PTPN12+ZBTB10,2,2,230,0.0140499,0.0371934,0.898864
HVGRidge,2,RHOXF2BB,1,0,290,0.0120196,0.0320331,0.910967
HVGRidge,2,RHOXF2BB+SET,2,1,267,0.0159588,0.0426512,0.897113
HVGRidge,2,RREB1,1,0,281,0.0106544,0.0323633,0.644514
HVGRidge,2,S1PR2,1,0,446,0.0101789,0.0298576,0.855603
HVGRidge,2,SGK1+TBX3,2,2,243,0.00903433,0.0262035,0.948645
HVGRidge,2,SNAI1+ZBTB10,2,2,85,0.0209547,0.0522948,0.912294
HVGRidge,2,TGFBR2,1,0,537,0.0073858,0.0202007,0.557371
HVGRidge,2,UBASH3A,1,0,686,0.00985799,0.0311816,0.621713
HVGRidge,2,UBASH3B+ZBTB25,2,2,224,0.00829905,0.0201744,0.966769
Replicate,3,ARID1A,1,0,182,0.0151255,0.0392443,0.89483
Replicate,3,ARRDC3,1,0,405,0.00779788,0.0208607,0.642079
Replicate,3,C3orf72+FOXL2,2,2,49,0.027139,0.0710739,0.675048
Replicate,3,CBFA2T3,1,0,531,0.00667364,0.0164795,0.900181
Replicate,3,CBFA2T3+FEV,2,1,153,0.0168802,0.0416842,0.949127
Replicate,3,CBFA2T3+POU3F2,2,1,202,0.0125935,0.0312033,0.89877
Replicate,3,CBL,1,0,538,0.00644536,0.0162215,0.932645
Replicate,3,CBL+PTPN9,2,1,234,0.00974615,0.0251439,0.949462
Replicate,3,CDKN1B,1,0,413,0.00768191,0.0189608,0.920566
Replicate,3,CEBPA+JUN,2,2,70,0.0289542,0.0698037,0.937606
Replicate,3,CEBPB+FOSB,2,2,85,0.0266393,0.0669268,0.926864
Replicate,3,CEBPE+KLF1,2,2,389,0.00718391,0.017253,0.94445
Replicate,3,CEBPE+RUNX1T1,2,2,1030,0.0051333,0.0119852,0.979662
Replicate,3,CITED1,1,0,169,0.0123604,0.0299185,0.872936
Replicate,3,CNN1,1,0,636,0.005902,0.014831,0.966825
Replicate,3,CNN1+ETS2,2,1,785,0.00617701,0.0159928,0.936394
Replicate,3,DUSP9,1,0,662,0.00637196,0.0153992,0.98019
Replicate,3,DUSP9+IGDCC3,2,0,323,0.00978822,0.0235657,0.970444
Replicate,3,DUSP9+SNAI1,2,1,168,0.0153674,0.0358586,0.950638
Replicate,3,EGR1,1,0,261,0.00914745,0.0226301,0.838962
Replicate,3,FOXA1,1,0,761,0.00547019,0.013385,0.923112
Replicate,3,FOXA1+FOXA3,2,1,181,0.0133661,0.0326851,0.922642
Replicate,3,FOXA3+FOXF1,2,2,146,0.0154951,0.0386536,0.862961
Replicate,3,HK2,1,0,249,0.00973599,0.024633,0.625644
Replicate,3,IER5L,1,0,327,0.00871545,0.0212174,0.930973
Replicate,3,IGDCC3,1,0,507,0.00704546,0.0182722,0.949143
Replicate,3,IGDCC3+MAPK1,2,1,293,0.00933197,0.0237437,0.887019
Replicate,3,IKZF3+MAP2K6,2,2,251,0.0100892,0.0264492,0.963137
Replicate,3,IRF1,1,0,331,0.00837861,0.0198079,0.965715
Replicate,3,IRF1+SET,2,0,367,0.00919188,0.0216525,0.978773
Replicate,3,KLF1+TGFBR2,2,2,263,0.00903666,0.0232842,0.93254
Replicate,3,KMT2A,1,0,185,0.0108559,0.027845,0.592567
Replicate,3,LHX1,1,0,342,0.00863466,0.0212007,0.921949
Replicate,3,MAP2K3+SLC38A2,2,2,297,0.00715273,0.018027,0.862157
Replicate,3,MAPK1+PRTG,2,2,380,0.00778405,0.0197027,0.93354
Replicate,3,MAPK1+TGFBR2,2,2,389,0.00770159,0.0196278,0.945622
Replicate,3,NCL,1,0,197,0.0104964,0.0263884,0.506771
Replicate,3,NIT1,1,0,165,0.013174,0.0308675,0.878084
Replicate,3,OSR2+PTPN12,2,1,283,0.00859357,0.0212386,0.832055
Replicate,3,PLK4+STIL,2,2,66,0.0241181,0.0601439,0.664927
Replicate,3,PTPN12,1,0,358,0.00778538,0.0202302,0.90206
Replicate,3,RHOXF2BB+ZBTB25,2,2,205,0.0119175,0.0289344,0.953245
Replicate,3,SET,1,0,790,0.00554358,0.0134256,0.982109
Replicate,3,SLC6A9,1,0,441,0.00691897,0.0179597,0.883095
Replicate,3,SNAI1+UBASH3B,2,2,256,0.00998108,0.0255868,0.888777
Replicate,3,SPI1,1,0,506,0.00758325,0.0181454,0.980331
Replicate,3,UBASH3A+UBASH3B,2,2,426,0.00726422,0.0181087,0.929036
GlobalMean,3,ARID1A,1,0,182,0.0178356,0.0519476,0.667447
GlobalMean,3,ARRDC3,1,0,405,0.0118783,0.0331708,0.529579
GlobalMean,3,C3orf72+FOXL2,2,2,49,0.0278389,0.0776391,0.627037
GlobalMean,3,CBFA2T3,1,0,531,0.0121009,0.0444814,0.290431
GlobalMean,3,CBFA2T3+FEV,2,1,153,0.0344354,0.111802,0.639667
GlobalMean,3,CBFA2T3+POU3F2,2,1,202,0.0164049,0.0489547,0.723589
GlobalMean,3,CBL,1,0,538,0.012756,0.0395252,0.548156
GlobalMean,3,CBL+PTPN9,2,1,234,0.0183498,0.0593133,0.715294
GlobalMean,3,CDKN1B,1,0,413,0.0110774,0.0321952,0.752757
GlobalMean,3,CEBPA+JUN,2,2,70,0.0590618,0.177567,0.589438
GlobalMean,3,CEBPB+FOSB,2,2,85,0.0485689,0.150376,0.567829
GlobalMean,3,CEBPE+KLF1,2,2,389,0.0158359,0.0552397,0.268999
GlobalMean,3,CEBPE+RUNX1T1,2,2,1030,0.0150668,0.0578896,0.372424
GlobalMean,3,CITED1,1,0,169,0.015044,0.0434293,0.706912
GlobalMean,3,CNN1,1,0,636,0.0158134,0.0541209,0.436858
GlobalMean,3,CNN1+ETS2,2,1,785,0.0117656,0.0382308,0.555098
GlobalMean,3,DUSP9,1,0,662,0.0173523,0.0624306,0.590134
GlobalMean,3,DUSP9+IGDCC3,2,0,323,0.0205057,0.0737269,0.694944
GlobalMean,3,DUSP9+SNAI1,2,1,168,0.0293619,0.0885326,0.729675
GlobalMean,3,EGR1,1,0,261,0.0109734,0.030538,0.704552
GlobalMean,3,FOXA1,1,0,761,0.0103988,0.0317632,0.624753
GlobalMean,3,FOXA1+FOXA3,2,1,181,0.0191307,0.0576251,0.741351
GlobalMean,3,FOXA3+FOXF1,2,2,146,0.0189369,0.0548989,0.731814
GlobalMean,3,HK2,1,0,249,0.0138675,0.0404492,0.288671
GlobalMean,3,IER5L,1,0,327,0.0114802,0.0358448,0.772106
GlobalMean,3,IGDCC3,1,0,507,0.0128826,0.0421603,0.684299
GlobalMean,3,IGDCC3+MAPK1,2,1,293,0.0153995,0.0492595,0.40359
GlobalMean,3,IKZF3+MAP2K6,2,2,251,0.017657,0.0785252,0.65219
GlobalMean,3,IRF1,1,0,331,0.0206483,0.0742216,0.22905
GlobalMean,3,IRF1+SET,2,0,367,0.0277173,0.0942725,0.312699
GlobalMean,3,KLF1+TGFBR2,2,2,263,0.0187156,0.0641554,0.270446
GlobalMean,3,KMT2A,1,0,185,0.0134977,0.0379237,0.436287
GlobalMean,3,LHX1,1,0,342,0.0137853,0.0531729,0.356782
GlobalMean,3,MAP2K3+SLC38A2,2,2,297,0.0193338,0.0620919,-0.406643
GlobalMean,3,MAPK1+PRTG,2,2,380,0.0157914,0.0503332,0.462714
GlobalMean,3,MAPK1+TGFBR2,2,2,389,0.0181679,0.0644774,0.204702
GlobalMean,3,NCL,1,0,197,0.0138141,0.039639,0.320964
GlobalMean,3,NIT1,1,0,165,0.0187739,0.0555365,0.446152
GlobalMean,3,OSR2+PTPN12,2,1,283,0.0130792,0.0410088,0.403085
GlobalMean,3,PLK4+STIL,2,2,66,0.0225191,0.0590925,0.703136
GlobalMean,3,PTPN12,1,0,358,0.0150225,0.0458001,0.445325
GlobalMean,3,RHOXF2BB+ZBTB25,2,2,205,0.0207339,0.0690266,0.790564
GlobalMean,3,SET,1,0,790,0.0194536,0.0667324,0.364242
GlobalMean,3,SLC6A9,1,0,441,0.013226,0.0401813,0.446683
GlobalMean,3,SNAI1+UBASH3B,2,2,256,0.0133894,0.037985,0.6435
GlobalMean,3,SPI1,1,0,506,0.0214109,0.0678604,0.748376
GlobalMean,3,UBASH3A+UBASH3B,2,2,426,0.0116748,0.0345027,0.679999
HVGRidge,3,ARID1A,1,0,182,0.0171656,0.0509757,0.691186
HVGRidge,3,ARRDC3,1,0,405,0.00800098,0.0222679,0.519278
HVGRidge,3,C3orf72+FOXL2,2,2,49,0.0228957,0.058926,0.801122
HVGRidge,3,CBFA2T3,1,0,531,0.0175728,0.0537831,0.423167
HVGRidge,3,CBFA2T3+FEV,2,1,153,0.0217523,0.0626623,0.883055
HVGRidge,3,CBFA2T3+POU3F2,2,1,202,0.0161129,0.0446079,0.827679
HVGRidge,3,CBL,1,0,538,0.00928391,0.0280213,0.868749
HVGRidge,3,CBL+PTPN9,2,1,234,0.00935547,0.0232729,0.958494
HVGRidge,3,CDKN1B,1,0,413,0.00875358,0.0218289,0.901026
HVGRidge,3,CEBPA+JUN,2,2,70,0.0264765,0.0681066,0.94019
HVGRidge,3,CEBPB+FOSB,2,2,85,0.0312395,0.0883586,0.91627
HVGRidge,3,CEBPE+KLF1,2,2,389,0.0163545,0.0478329,0.781641
HVGRidge,3,CEBPE+RUNX1T1,2,2,1030,0.00816161,0.0219546,0.958068
HVGRidge,3,CITED1,1,0,169,0.0177269,0.05154,0.632542
HVGRidge,3,CNN1,1,0,636,0.00832277,0.023659,0.9227
HVGRidge,3,CNN1+ETS2,2,1,785,0.00920446,0.0286957,0.867854
HVGRidge,3,DUSP9,1,0,662,0.00773074,0.0219902,0.964376
HVGRidge,3,DUSP9+IGDCC3,2,0,323,0.0110857,0.0295447,0.951625
HVGRidge,3,DUSP9+SNAI1,2,1,168,0.0228372,0.0645009,0.841616
HVGRidge,3,EGR1,1,0,261,0.0136759,0.0411576,0.551407
HVGRidge,3,FOXA1,1,0,761,0.00826539,0.0221005,0.842172
HVGRidge,3,FOXA1+FOXA3,2,1,181,0.0126381,0.0315746,0.922778
HVGRidge,3,FOXA3+FOXF1,2,2,146,0.0120636,0.0281142,0.930047
HVGRidge,3,HK2,1,0,249,0.0105698,0.0302541,0.193284
HVGRidge,3,IER5L,1,0,327,0.0111968,0.0315119,0.838889
HVGRidge,3,IGDCC3,1,0,507,0.0069621,0.0183134,0.956392
HVGRidge,3,IGDCC3+MAPK1,2,1,293,0.0111209,0.0318695,0.819582
HVGRidge,3,IKZF3+MAP2K6,2,2,251,0.0101323,0.028215,0.959166
HVGRidge,3,IRF1,1,0,331,0.0203508,0.0740137,0.174681
HVGRidge,3,IRF1+SET,2,0,367,0.0217479,0.0757316,0.666045
HVGRidge,3,KLF1+TGFBR2,2,2,263,0.00773144,0.0200948,0.951641
HVGRidge,3,KMT2A,1,0,185,0.0102511,0.0290041,0.514459
HVGRidge,3,LHX1,1,0,342,0.00984337,0.0283506,0.844334
HVGRidge,3,MAP2K3+SLC38A2,2,2,297,0.00697506,0.0178308,0.862979
HVGRidge,3,MAPK1+PRTG,2,2,380,0.0112,0.0335649,0.826935
HVGRidge,3,MAPK1+TGFBR2,2,2,389,0.00841431,0.0228851,0.933253
HVGRidge,3,NCL,1,0,197,0.0155798,0.046862,0.0275344
HVGRidge,3,NIT1,1,0,165,0.0188509,0.0543311,0.45025
HVGRidge,3,OSR2+PTPN12,2,1,283,0.010275,0.027473,0.763656
HVGRidge,3,PLK4+STIL,2,2,66,0.0231037,0.0595876,0.699663
HVGRidge,3,PTPN12,1,0,358,0.00725904,0.0190151,0.91624
HVGRidge,3,RHOXF2BB+ZBTB25,2,2,205,0.0128951,0.0326121,0.940661
HVGRidge,3,SET,1,0,790,0.0121783,0.0374769,0.860257
HVGRidge,3,SLC6A9,1,0,441,0.0118098,0.038078,0.345255
HVGRidge,3,SNAI1+UBASH3B,2,2,256,0.0106178,0.0268746,0.878281
HVGRidge,3,SPI1,1,0,506,0.0132144,0.0380791,0.915614
HVGRidge,3,UBASH3A+UBASH3B,2,2,426,0.0102767,0.0310056,0.920462
Replicate,4,BAK1+BCL2L11,2,2,153,0.0103019,0.0266262,0.388131
Replicate,4,BCORL1,1,0,456,0.00658739,0.0164276,0.820266
Replicate,4,BPGM+SAMD1,2,2,240,0.0102933,0.0252525,0.950058
Replicate,4,CBL+PTPN12,2,2,257,0.00948433,0.0242892,0.963184
Replicate,4,CBL+UBASH3A,2,2,50,0.0249583,0.0723573,0.649212
Replicate,4,CDKN1A,1,0,275,0.00872967,0.0209773,0.936521
Replicate,4,CDKN1A+CDKN1B,2,1,98,0.0147611,0.0378013,0.88913
Replicate,4,CDKN1A+CDKN1C,2,1,80,0.0175495,0.0446864,0.861689
Replicate,4,CEBPB+JUN,2,2,52,0.0300646,0.0752643,0.821827
Replicate,4,CEBPB+OSR2,2,1,188,0.0145011,0.0334239,0.949309
Replicate,4,CEBPE,1,0,1039,0.00682974,0.016634,0.989172
Replicate,4,CEBPE+PTPN12,2,1,317,0.00966829,0.0244152,0.886481
Replicate,4,CEBPE+SET,2,1,529,0.00764872,0.0184817,0.960462
Replicate,4,CEBPE+SPI1,2,1,175,0.017118,0.0404253,0.971038
Replicate,4,CELF2,1,0,388,0.00784488,0.0190786,0.864041
Replicate,4,CKS1B,1,0,189,0.0115629,0.0292818,0.898545
Replicate,4,CNN1+UBASH3A,2,2,144,0.0146082,0.0381317,0.95013
Replicate,4,COL2A1,1,0,474,0.00715396,0.0172537,0.968963
Replicate,4,DLX2,1,0,606,0.00643113,0.0161693,0.935211
Replicate,4,DLX2+SNAI1,2,0,107,0.019997,0.0518127,0.911873
Replicate,4,DLX2+ZBTB10,2,1,74,0.0239721,0.0561895,0.921291
Replicate,4,ETS2+MAP7D1,2,1,265,0.0101944,0.025903,0.92913
Replicate,4,ETS2+MAPK1,2,1,432,0.0083571,0.0201673,0.980201
Replicate,4,FEV+MAP7D1,2,1,246,0.0112904,0.0285064,0.949083
Replicate,4,FOSB+OSR2,2,1,324,0.0104555,0.0244481,0.968581
Replicate,4,FOXA3,1,0,409,0.00853718,0.0209257,0.891769
Replicate,4,FOXA3+FOXL2,2,0,113,0.0201163,0.0483712,0.904576
Replicate,4,FOXL2,1,0,544,0.00712972,0.0175796,0.930762
Replicate,4,FOXL2+HOXB9,2,1,87,0.0204498,0.0507034,0.879077
Replicate,4,FOXO4,1,0,189,0.0120431,0.0314524,0.859574
Replicate,4,HES7,1,0,122,0.0183506,0.0454025,0.906339
Replicate,4,MAP4K3,1,0,299,0.00841938,0.0209765,0.560107
Replicate,4,MAP7D1,1,0,635,0.005621,0.0140148,0.819759
Replicate,4,MAPK1,1,0,660,0.006035,0.0147363,0.97698
Replicate,4,OSR2,1,0,858,0.00570094,0.013136,0.974412
Replicate,4,PRDM1,1,0,273,0.0110935,0.0274441,0.954454
Replicate,4,PRTG+TGFBR2,2,2,208,0.0111013,0.0277344,0.922151
Replicate,4,PTPN12+PTPN9,2,2,295,0.00889155,0.0219078,0.960665
Replicate,4,PTPN12+UBASH3B,2,2,260,0.00982619,0.0247367,0.956622
Replicate,4,SAMD1+UBASH3B,2,2,209,0.0135028,0.0345817,0.914964
Replicate,4,SAMD1+ZBTB1,2,1,164,0.0142033,0.035508,0.926981
Replicate,4,SNAI1,1,0,380,0.00835813,0.0208937,0.916751
Replicate,4,STIL,1,0,268,0.0102424,0.025762,0.638619
Replicate,4,TBX2,1,0,564,0.00605476,0.0146306,0.968348
Replicate,4,TP73,1,0,218,0.0122364,0.0291729,0.975083
Replicate,4,ZBTB1,1,0,602,0.00602256,0.0147147,0.967239
Replicate,4,ZNF318,1,0,541,0.00648531,0.0163346,0.803799
GlobalMean,4,BAK1+BCL2L11,2,2,153,0.0159463,0.045817,-0.0186991
GlobalMean,4,BCORL1,1,0,456,0.0123413,0.038697,0.313978
GlobalMean,4,BPGM+SAMD1,2,2,240,0.0165991,0.0579113,0.73879
GlobalMean,4,CBL+PTPN12,2,2,257,0.0196805,0.0720204,0.64168
GlobalMean,4,CBL+UBASH3A,2,2,50,0.0217896,0.0632696,0.552016
GlobalMean,4,CDKN1A,1,0,275,0.0129571,0.0396688,0.741933
GlobalMean,4,CDKN1A+CDKN1B,2,1,98,0.0183857,0.0547523,0.735023
GlobalMean,4,CDKN1A+CDKN1C,2,1,80,0.019713,0.0592132,0.69299
GlobalMean,4,CEBPB+JUN,2,2,52,0.036742,0.105913,0.692351
GlobalMean,4,CEBPB+OSR2,2,1,188,0.0297844,0.0942151,0.487407
GlobalMean,4,CEBPE,1,0,1039,0.0234898,0.0830984,0.445238
GlobalMean,4,CEBPE+PTPN12,2,1,317,0.0134022,0.0435059,0.503127
GlobalMean,4,CEBPE+SET,2,1,529,0.0171011,0.064067,0.302022
GlobalMean,4,CEBPE+SPI1,2,1,175,0.0449835,0.142219,0.562947
GlobalMean,4,CELF2,1,0,388,0.0134589,0.044639,0.246372
GlobalMean,4,CKS1B,1,0,189,0.0167774,0.0536348,0.59555
GlobalMean,4,CNN1+UBASH3A,2,2,144,0.0267605,0.0950668,0.734303
GlobalMean,4,COL2A1,1,0,474,0.0194909,0.0718309,0.209633
GlobalMean,4,DLX2,1,0,606,0.0132892,0.0504545,0.240346
GlobalMean,4,DLX2+SNAI1,2,0,107,0.0236495,0.0735043,0.546878
GlobalMean,4,DLX2+ZBTB10,2,1,74,0.040645,0.12341,0.569836
GlobalMean,4,ETS2+MAP7D1,2,1,265,0.0206723,0.0705138,0.205881
GlobalMean,4,ETS2+MAPK1,2,1,432,0.0259872,0.0976831,0.272787
GlobalMean,4,FEV+MAP7D1,2,1,246,0.022298,0.0757849,0.563095
GlobalMean,4,FOSB+OSR2,2,1,324,0.0264858,0.0919903,0.271016
GlobalMean,4,FOXA3,1,0,409,0.0105101,0.0312942,0.734889
GlobalMean,4,FOXA3+FOXL2,2,0,113,0.0318468,0.0900438,0.714749
GlobalMean,4,FOXL2,1,0,544,0.0109789,0.0395335,0.594488
GlobalMean,4,FOXL2+HOXB9,2,1,87,0.0289296,0.0832799,0.723665
GlobalMean,4,FOXO4,1,0,189,0.0157435,0.0460006,0.635998
GlobalMean,4,HES7,1,0,122,0.0280684,0.0880231,0.57018
GlobalMean,4,MAP4K3,1,0,299,0.0120327,0.0322359,0.528571
GlobalMean,4,MAP7D1,1,0,635,0.0133768,0.0438659,0.00729007
GlobalMean,4,MAPK1,1,0,660,0.0194629,0.0734955,0.140142
GlobalMean,4,OSR2,1,0,858,0.017195,0.0633869,0.188041
GlobalMean,4,PRDM1,1,0,273,0.0179202,0.062461,0.723778
GlobalMean,4,PRTG+TGFBR2,2,2,208,0.0158805,0.0527826,0.664836
GlobalMean,4,PTPN12+PTPN9,2,2,295,0.017855,0.0598178,0.657431
GlobalMean,4,PTPN12+UBASH3B,2,2,260,0.0187475,0.0656132,0.65356
GlobalMean,4,SAMD1+UBASH3B,2,2,209,0.0180884,0.0571427,0.836069
GlobalMean,4,SAMD1+ZBTB1,2,1,164,0.0203988,0.066339,0.815663
GlobalMean,4,SNAI1,1,0,380,0.0132552,0.0459632,0.416375
GlobalMean,4,STIL,1,0,268,0.0115149,0.0319313,0.570864
GlobalMean,4,TBX2,1,0,564,0.0141407,0.0546742,0.382186
GlobalMean,4,TP73,1,0,218,0.0300787,0.104037,0.80087
GlobalMean,4,ZBTB1,1,0,602,0.0131502,0.0431171,0.667791
GlobalMean,4,ZNF318,1,0,541,0.0111162,0.0311915,0.581385
HVGRidge,4,BAK1+BCL2L11,2,2,153,0.00842427,0.0222979,0.543636
HVGRidge,4,BCORL1,1,0,456,0.00968461,0.0312635,0.320262
HVGRidge,4,BPGM+SAMD1,2,2,240,0.00966592,0.0233734,0.957714
HVGRidge,4,CBL+PTPN12,2,2,257,0.00881338,0.0218262,0.970257
HVGRidge,4,CBL+UBASH3A,2,2,50,0.0181649,0.0501865,0.765681
HVGRidge,4,CDKN1A,1,0,275,0.0160371,0.0500354,0.535679
HVGRidge,4,CDKN1A+CDKN1B,2,1,98,0.017866,0.049615,0.758776
HVGRidge,4,CDKN1A+CDKN1C,2,1,80,0.0177025,0.0467067,0.80736
HVGRidge,4,CEBPB+JUN,2,2,52,0.026362,0.0647992,0.866425
HVGRidge,4,CEBPB+OSR2,2,1,188,0.0155279,0.0400406,0.92835
HVGRidge,4,CEBPE,1,0,1039,0.012589,0.0386229,0.96833
HVGRidge,4,CEBPE+PTPN12,2,1,317,0.0114775,0.0312923,0.841541
HVGRidge,4,CEBPE+SET,2,1,529,0.0149128,0.0416723,0.850448
HVGRidge,4,CEBPE+SPI1,2,1,175,0.0238042,0.0688166,0.941601
HVGRidge,4,CELF2,1,0,388,0.0126634,0.0398259,0.191924
HVGRidge,4,CKS1B,1,0,189,0.0188567,0.0614243,0.388799
HVGRidge,4,CNN1+UBASH3A,2,2,144,0.0190954,0.0615622,0.93476
HVGRidge,4,COL2A1,1,0,474,0.0128115,0.0395826,0.822895
HVGRidge,4,DLX2,1,0,606,0.0104727,0.0395109,0.430813
HVGRidge,4,DLX2+SNAI1,2,0,107,0.0182982,0.0492352,0.831506
HVGRidge,4,DLX2+ZBTB10,2,1,74,0.0287945,0.0834718,0.842466
HVGRidge,4,ETS2+MAP7D1,2,1,265,0.0152476,0.0482878,0.71719
HVGRidge,4,ETS2+MAPK1,2,1,432,0.0163243,0.0496549,0.885478
HVGRidge,4,FEV+MAP7D1,2,1,246,0.0152342,0.0439738,0.883785
HVGRidge,4,FOSB+OSR2,2,1,324,0.0149016,0.0425338,0.895585
HVGRidge,4,FOXA3,1,0,409,0.00884946,0.0224517,0.897445
HVGRidge,4,FOXA3+FOXL2,2,0,113,0.0185076,0.0455164,0.926858
HVGRidge,4,FOXL2,1,0,544,0.00925027,0.0261552,0.872002
HVGRidge,4,FOXL2+HOXB9,2,1,87,0.016534,0.0407981,0.925035
HVGRidge,4,FOXO4,1,0,189,0.0156214,0.0473146,0.680788
HVGRidge,4,HES7,1,0,122,0.0297772,0.0920333,0.525845
HVGRidge,4,MAP4K3,1,0,299,0.00777018,0.0202271,0.622084
HVGRidge,4,MAP7D1,1,0,635,0.0108307,0.0363009,-0.0180319
HVGRidge,4,MAPK1,1,0,660,0.00973401,0.0314165,0.937713
HVGRidge,4,OSR2,1,0,858,0.00993209,0.0291923,0.889207
HVGRidge,4,PRDM1,1,0,273,0.0152438,0.0427531,0.866009
HVGRidge,4,PRTG+TGFBR2,2,2,208,0.00857688,0.0213672,0.955203
HVGRidge,4,PTPN12+PTPN9,2,2,295,0.00915074,0.0232755,0.95603
HVGRidge,4,PTPN12+UBASH3B,2,2,260,0.0107102,0.027514,0.944847
HVGRidge,4,SAMD1+UBASH3B,2,2,209,0.0111239,0.0279883,0.943941
HVGRidge,4,SAMD1+ZBTB1,2,1,164,0.0139589,0.0360011,0.928283
HVGRidge,4,SNAI1,1,0,380,0.010638,0.0275701,0.876951
HVGRidge,4,STIL,1,0,268,0.0142918,0.0365831,0.622517
HVGRidge,4,TBX2,1,0,564,0.00681121,0.0199581,0.942047
HVGRidge,4,TP73,1,0,218,0.0333966,0.114969,0.774396
HVGRidge,4,ZBTB1,1,0,602,0.00955529,0.0285361,0.891163
HVGRidge,4,ZNF318,1,0,541,0.00838534,0.0215598,0.708681
