subset,baseline,metric,n_perturbations,mean,ci_low,ci_high,scaled,scaled_ci_low,scaled_ci_high
all,Replicate,mae,236,0.0104292,0.0098181,0.011067,1,1,1
all,Replicate,rmse,236,0.0259243,0.024395,0.0275267,1,1,1
all,Replicate,pearson_delta,236,0.891023,0.8752,0.904999,1,1,1
all,GlobalMean,mae,236,0.0186989,0.0177117,0.0197745,0,0,0
all,GlobalMean,rmse,236,0.0608848,0.0576411,0.0642632,0,0,0
all,GlobalMean,pearson_delta,236,0.504815,0.469652,0.536566,0,0,0
all,HVGRidge,mae,236,0.0131066,0.0124589,0.0137672,0.676239,0.617503,0.730514
all,HVGRidge,rmse,236,0.0373135,0.0353212,0.0394192,0.674226,0.621866,0.72129
all,HVGRidge,pearson_delta,236,0.775489,0.74349,0.804265,0.700852,0.639154,0.75916
single,Replicate,mae,105,0.00822219,0.00768881,0.00878292,1,1,1
single,Replicate,rmse,105,0.0204126,0.0190523,0.0218514,1,1,1
single,Replicate,pearson_delta,105,0.863735,0.83639,0.889344,1,1,1
single,GlobalMean,mae,105,0.015312,0.0144495,0.0163674,0,0,0
single,GlobalMean,rmse,105,0.0493574,0.0461727,0.0530209,0,0,0
single,GlobalMean,pearson_delta,105,0.449262,0.393436,0.500066,0,0,0
single,HVGRidge,mae,105,0.0120543,0.0111784,0.0129771,0.459496,0.355856,0.552788
single,HVGRidge,rmse,105,0.0360107,0.0329182,0.0392152,0.461109,0.364463,0.549527
single,HVGRidge,pearson_delta,105,0.649667,0.592401,0.704928,0.483517,0.379356,0.583332
pair,Replicate,mae,131,0.0121981,0.0113194,0.0130814,1,1,1
pair,Replicate,rmse,131,0.0303421,0.0280906,0.0326368,1,1,1
pair,Replicate,pearson_delta,131,0.912895,0.89634,0.926934,1,1,1
pair,GlobalMean,mae,131,0.0214136,0.0198943,0.0229091,0,0,0
pair,GlobalMean,rmse,131,0.0701244,0.0655148,0.074754,0,0,0
pair,GlobalMean,pearson_delta,131,0.549342,0.508154,0.587214,0,0,0
pair,HVGRidge,mae,131,0.01395,0.0131064,0.0147933,0.809893,0.745463,0.869111
pair,HVGRidge,rmse,131,0.0383578,0.0359601,0.0408438,0.798511,0.747864,0.845394
pair,HVGRidge,pearson_delta,131,0.87634,0.858263,0.892975,0.89945,0.86022,0.93454
pair_0_singles_seen,Replicate,mae,11,0.0130095,0.00947366,0.0172972,1,1,1
pair_0_singles_seen,Replicate,rmse,11,0.0322028,0.0234816,0.0428448,1,1,1
pair_0_singles_seen,Replicate,pearson_delta,11,0.926367,0.904844,0.946487,1,1,1
pair_0_singles_seen,GlobalMean,mae,11,0.0226456,0.0172602,0.0294466,0,0,0
pair_0_singles_seen,GlobalMean,rmse,11,0.0711408,0.0543095,0.0909802,0,0,0
pair_0_singles_seen,GlobalMean,pearson_delta,11,0.535037,0.370256,0.657575,0,0,0
pair_0_singles_seen,HVGRidge,mae,11,0.0154871,0.012539,0.0187618,0.742888,0.449046,1.00626
pair_0_singles_seen,HVGRidge,rmse,11,0.043416,0.033811,0.0535141,0.712024,0.429266,0.953359
pair_0_singles_seen,HVGRidge,pearson_delta,11,0.817746,0.722744,0.902213,0.72243,0.477021,0.924531
pair_1_singles_seen,Replicate,mae,52,0.0119973,0.0107945,0.0132454,1,1,1
pair_1_singles_seen,Replicate,rmse,52,0.0295552,0.0266529,0.032542,1,1,1
pair_1_singles_seen,Replicate,pearson_delta,52,0.920091,0.891612,0.939156,1,1,1
pair_1_singles_seen,GlobalMean,mae,52,0.0220646,0.0198535,0.024377,0,0,0
pair_1_singles_seen,GlobalMean,rmse,52,0.0730514,0.0662479,0.0803228,0,0,0
pair_1_singles_seen,GlobalMean,pearson_delta,52,0.5322,0.482301,0.57992,0,0,0
pair_1_singles_seen,HVGRidge,mae,52,0.0148549,0.0136044,0.016184,0.716144,0.61616,0.796338
pair_1_singles_seen,HVGRidge,rmse,52,0.0411872,0.0375188,0.0450891,0.732575,0.660574,0.791121
pair_1_singles_seen,HVGRidge,pearson_delta,52,0.867706,0.835397,0.893162,0.864949,0.82058,0.903505
pair_2_singles_seen,Replicate,mae,68,0.0122204,0.0108653,0.0137145,1,1,1
pair_2_singles_seen,Replicate,rmse,68,0.0306429,0.0271684,0.0345045,1,1,1
pair_2_singles_seen,Replicate,pearson_delta,68,0.905213,0.882124,0.926659,1,1,1
pair_2_singles_seen,GlobalMean,mae,68,0.0207164,0.0186249,0.0230953,0,0,0
pair_2_singles_seen,GlobalMean,rmse,68,0.0677216,0.0611608,0.0751358,0,0,0
pair_2_singles_seen,GlobalMean,pearson_delta,68,0.564764,0.500711,0.621268,0,0,0
pair_2_singles_seen,HVGRidge,mae,68,0.0130094,0.0118389,0.0143009,0.907135,0.827727,0.991697
pair_2_singles_seen,HVGRidge,rmse,68,0.035376,0.0319681,0.0389705,0.872351,0.811388,0.936785
pair_2_singles_seen,HVGRidge,pearson_delta,68,0.89242,0.873493,0.910166,0.962426,0.919131,1.01181
